,date,full_tax_count,milk_count,difference
0,01/01/2020,52,33,19
1,02/01/2020,21,0,21
2,03/01/2020,10,0,10
3,04/01/2020,13,0,13
4,05/01/2020,112,0,112
5,06/01/2020,219,1,218
6,07/01/2020,14,0,14
7,08/01/2020,18,0,18
8,09/01/2020,42,0,42
9,10/01/2020,44,0,44
10,11/01/2020,19,0,19
11,12/01/2020,14,0,14
12,13/01/2020,15,4,11
13,14/01/2020,14,8,6
14,15/01/2020,15,0,15
15,16/01/2020,16,1,15
16,17/01/2020,13,1,12
17,18/01/2020,15,0,15
18,19/01/2020,16,0,16
19,20/01/2020,16,0,16
20,21/01/2020,14,0,14
21,22/01/2020,14,0,14
22,23/01/2020,15,0,15
23,24/01/2020,13,0,13
24,25/01/2020,14,0,14
25,26/01/2020,14,0,14
26,27/01/2020,16,0,16
27,28/01/2020,13,0,13
28,29/01/2020,14,0,14
29,30/01/2020,16,0,16
30,31/01/2020,15,0,15
31,01/02/2020,26,24,2
32,02/02/2020,62,0,62
33,03/02/2020,14,0,14
34,04/02/2020,41,0,41
35,05/02/2020,110,0,110
36,06/02/2020,317,0,317
37,07/02/2020,3,0,3
38,08/02/2020,13,0,13
39,09/02/2020,61,0,61
40,10/02/2020,34,0,34
41,11/02/2020,15,0,15
42,12/02/2020,28,0,28
43,13/02/2020,23,0,23
44,14/02/2020,10,0,10
45,15/02/2020,4,0,4
46,16/02/2020,15,0,15
47,17/02/2020,30,0,30
48,18/02/2020,12,0,12
49,19/02/2020,21,0,21
50,20/02/2020,10,0,10
51,21/02/2020,5,0,5
52,22/02/2020,3,0,3
53,23/02/2020,6,0,6
54,24/02/2020,5,0,5
55,25/02/2020,4,0,4
56,26/02/2020,7,0,7
57,27/02/2020,10,0,10
58,28/02/2020,7,0,7
59,29/02/2020,3,0,3
60,01/03/2020,13,12,1
61,02/03/2020,70,0,70
62,03/03/2020,39,0,39
63,04/03/2020,77,0,77
64,05/03/2020,107,0,107
65,06/03/2020,371,0,371
66,07/03/2020,4,0,4
67,08/03/2020,0,0,0
68,09/03/2020,52,0,52
69,10/03/2020,18,0,18
70,11/03/2020,13,0,13
71,12/03/2020,48,0,48
72,13/03/2020,26,0,26
73,14/03/2020,6,0,6
74,15/03/2020,28,0,28
75,16/03/2020,29,0,29
76,17/03/2020,29,0,29
77,18/03/2020,29,0,29
78,19/03/2020,28,0,28
79,20/03/2020,2,0,2
80,21/03/2020,3,0,3
81,22/03/2020,1,0,1
82,23/03/2020,2,0,2
83,24/03/2020,2,0,2
84,25/03/2020,2,0,2
85,26/03/2020,2,0,2
86,27/03/2020,2,0,2
87,28/03/2020,3,0,3
88,29/03/2020,2,0,2
89,30/03/2020,1,0,1
90,31/03/2020,1,0,1
91,01/04/2020,14,8,6
92,02/04/2020,79,0,79
93,03/04/2020,70,0,70
94,04/04/2020,80,0,80
95,05/04/2020,96,0,96
96,06/04/2020,305,0,305
97,07/04/2020,6,0,6
98,08/04/2020,4,0,4
99,09/04/2020,52,0,52
100,10/04/2020,12,0,12
101,11/04/2020,18,0,18
102,12/04/2020,56,0,56
103,13/04/2020,68,0,68
104,14/04/2020,67,0,67
105,15/04/2020,6,0,6
106,16/04/2020,2,0,2
107,17/04/2020,39,0,39
108,18/04/2020,36,0,36
109,19/04/2020,36,0,36
110,20/04/2020,37,0,37
111,21/04/2020,1,0,1
112,22/04/2020,38,0,38
113,23/04/2020,39,0,39
114,24/04/2020,99,0,99
115,25/04/2020,128,0,128
116,26/04/2020,117,0,117
117,27/04/2020,98,0,98
118,28/04/2020,73,0,73
119,29/04/2020,141,0,141
120,30/04/2020,126,0,126
121,01/05/2020,15,6,9
122,02/05/2020,54,0,54
123,03/05/2020,63,0,63
124,04/05/2020,52,0,52
125,05/05/2020,104,0,104
126,06/05/2020,131,0,131
127,07/05/2020,7,0,7
128,08/05/2020,0,0,0
129,09/05/2020,35,0,35
130,10/05/2020,21,0,21
131,11/05/2020,10,0,10
132,12/05/2020,57,0,57
133,13/05/2020,93,0,93
134,14/05/2020,95,0,95
135,15/05/2020,77,0,77
136,16/05/2020,59,0,59
137,17/05/2020,59,0,59
138,18/05/2020,59,0,59
139,19/05/2020,57,0,57
140,20/05/2020,58,0,58
141,21/05/2020,55,0,55
142,22/05/2020,90,0,90
143,23/05/2020,61,0,61
144,24/05/2020,79,0,79
145,25/05/2020,24,0,24
146,26/05/2020,22,0,22
147,27/05/2020,92,0,92
148,28/05/2020,120,0,120
149,29/05/2020,109,0,109
150,30/05/2020,103,0,103
151,31/05/2020,186,0,186
152,01/06/2020,14,2,12
153,02/06/2020,74,0,74
154,03/06/2020,95,0,95
155,04/06/2020,70,0,70
156,05/06/2020,116,0,116
157,06/06/2020,47,0,47
158,07/06/2020,5,0,5
159,08/06/2020,4,0,4
160,09/06/2020,61,0,61
161,10/06/2020,38,0,38
162,11/06/2020,2,0,2
163,12/06/2020,84,0,84
164,13/06/2020,45,0,45
165,14/06/2020,48,0,48
166,15/06/2020,47,0,47
167,16/06/2020,39,0,39
168,17/06/2020,21,0,21
169,18/06/2020,33,0,33
170,19/06/2020,18,0,18
171,20/06/2020,20,0,20
172,21/06/2020,20,0,20
173,22/06/2020,31,0,31
174,23/06/2020,37,0,37
175,24/06/2020,26,0,26
176,25/06/2020,30,0,30
177,26/06/2020,28,0,28
178,27/06/2020,21,0,21
179,28/06/2020,39,0,39
180,29/06/2020,43,0,43
181,30/06/2020,39,0,39
182,01/07/2020,14,2,12
183,02/07/2020,54,0,54
184,03/07/2020,48,0,48
185,04/07/2020,53,0,53
186,05/07/2020,98,0,98
187,06/07/2020,64,0,64
188,07/07/2020,2,0,2
189,08/07/2020,3,0,3
190,09/07/2020,59,0,59
191,10/07/2020,41,0,41
192,11/07/2020,7,0,7
193,12/07/2020,52,0,52
194,13/07/2020,42,0,42
195,14/07/2020,51,0,51
196,15/07/2020,46,0,46
197,16/07/2020,44,1,43
198,17/07/2020,36,1,35
199,18/07/2020,38,1,37
200,19/07/2020,28,1,27
201,20/07/2020,13,1,12
202,21/07/2020,18,1,17
203,22/07/2020,11,1,10
204,23/07/2020,26,1,25
205,24/07/2020,39,0,39
206,25/07/2020,38,0,38
207,26/07/2020,46,0,46
208,27/07/2020,13,0,13
209,28/07/2020,16,0,16
210,29/07/2020,13,0,13
211,30/07/2020,11,0,11
212,31/07/2020,16,0,16
213,01/08/2020,14,0,14
214,02/08/2020,48,0,48
215,03/08/2020,102,0,102
216,04/08/2020,127,0,127
217,05/08/2020,93,0,93
218,06/08/2020,46,0,46
219,07/08/2020,6,0,6
220,08/08/2020,2,0,2
221,09/08/2020,102,0,102
222,10/08/2020,17,0,17
223,11/08/2020,11,0,11
224,12/08/2020,58,0,58
225,13/08/2020,90,0,90
226,14/08/2020,79,0,79
227,15/08/2020,54,0,54
228,16/08/2020,97,0,97
229,17/08/2020,105,0,105
230,18/08/2020,109,0,109
231,19/08/2020,108,0,108
232,20/08/2020,110,0,110
233,21/08/2020,59,0,59
234,22/08/2020,76,0,76
235,23/08/2020,27,0,27
236,24/08/2020,25,0,25
237,25/08/2020,25,2,23
238,26/08/2020,23,0,23
239,27/08/2020,4,0,4
240,28/08/2020,4,0,4
241,29/08/2020,6,0,6
242,30/08/2020,6,0,6
243,31/08/2020,6,0,6
244,01/09/2020,16,4,12
245,02/09/2020,58,0,58
246,03/09/2020,145,0,145
247,04/09/2020,122,0,122
248,05/09/2020,91,0,91
249,06/09/2020,49,0,49
250,07/09/2020,1,0,1
251,08/09/2020,1,0,1
252,09/09/2020,100,0,100
253,10/09/2020,32,0,32
254,11/09/2020,10,0,10
255,12/09/2020,59,0,59
256,13/09/2020,46,0,46
257,14/09/2020,49,0,49
258,15/09/2020,50,0,50
259,16/09/2020,26,0,26
260,17/09/2020,26,0,26
261,18/09/2020,24,0,24
262,19/09/2020,10,0,10
263,20/09/2020,18,0,18
264,21/09/2020,27,0,27
265,22/09/2020,38,1,37
266,23/09/2020,44,0,44
267,24/09/2020,53,0,53
268,25/09/2020,52,0,52
269,26/09/2020,32,0,32
270,27/09/2020,32,0,32
271,28/09/2020,19,0,19
272,29/09/2020,49,0,49
273,30/09/2020,45,0,45
274,01/10/2020,13,8,5
275,02/10/2020,25,0,25
276,03/10/2020,134,0,134
277,04/10/2020,126,0,126
278,05/10/2020,95,0,95
279,06/10/2020,50,0,50
280,07/10/2020,5,0,5
281,08/10/2020,27,0,27
282,09/10/2020,63,0,63
283,10/10/2020,22,0,22
284,11/10/2020,3,0,3
285,12/10/2020,63,0,63
286,13/10/2020,19,0,19
287,14/10/2020,24,0,24
288,15/10/2020,14,0,14
289,16/10/2020,15,0,15
290,17/10/2020,18,0,18
291,18/10/2020,26,0,26
292,19/10/2020,21,0,21
293,20/10/2020,31,0,31
294,21/10/2020,24,0,24
295,22/10/2020,18,0,18
296,23/10/2020,9,0,9
297,24/10/2020,17,0,17
298,25/10/2020,23,0,23
299,26/10/2020,16,0,16
300,27/10/2020,19,0,19
301,28/10/2020,23,0,23
302,29/10/2020,10,0,10
303,30/10/2020,10,0,10
304,31/10/2020,17,0,17
305,01/11/2020,14,12,2
306,02/11/2020,19,0,19
307,03/11/2020,125,0,125
308,04/11/2020,108,0,108
309,05/11/2020,104,0,104
310,06/11/2020,54,0,54
311,07/11/2020,20,0,20
312,08/11/2020,61,0,61
313,09/11/2020,66,0,66
314,10/11/2020,15,0,15
315,11/11/2020,5,0,5
316,12/11/2020,46,0,46
317,13/11/2020,12,0,12
318,14/11/2020,7,0,7
319,15/11/2020,6,0,6
320,16/11/2020,7,0,7
321,17/11/2020,5,0,5
322,18/11/2020,7,0,7
323,19/11/2020,21,0,21
324,20/11/2020,18,0,18
325,21/11/2020,20,0,20
326,22/11/2020,20,0,20
327,23/11/2020,19,0,19
328,24/11/2020,19,0,19
329,25/11/2020,19,0,19
330,26/11/2020,14,0,14
331,27/11/2020,16,0,16
332,28/11/2020,15,0,15
333,29/11/2020,15,0,15
334,30/11/2020,11,0,11
335,01/12/2020,14,4,10
336,02/12/2020,20,0,20
337,03/12/2020,160,0,160
338,04/12/2020,86,0,86
339,05/12/2020,99,0,99
340,06/12/2020,43,0,43
341,07/12/2020,43,0,43
342,08/12/2020,66,0,66
343,09/12/2020,66,0,66
344,10/12/2020,13,0,13
345,11/12/2020,17,0,17
346,12/12/2020,48,0,48
347,13/12/2020,80,0,80
348,14/12/2020,30,0,30
349,15/12/2020,36,0,36
350,16/12/2020,33,2,31
351,17/12/2020,20,31,-11
352,18/12/2020,8,24,-16
353,19/12/2020,12,21,-9
354,20/12/2020,134,40,94
355,21/12/2020,148,61,87
356,22/12/2020,254,66,188
357,23/12/2020,235,57,178
358,24/12/2020,122,69,53
359,25/12/2020,132,41,91
360,26/12/2020,170,42,128
361,27/12/2020,307,57,250
362,28/12/2020,211,47,164
363,29/12/2020,101,41,60
364,30/12/2020,110,19,91
365,31/12/2020,142,5,137
366,01/01/2021,110,6,104
367,02/01/2021,4,38,-34
368,03/01/2021,7,42,-35
369,04/01/2021,26,0,26
370,05/01/2021,95,0,95
371,06/01/2021,790,2,788
372,07/01/2021,46,0,46
373,08/01/2021,61,0,61
374,09/01/2021,98,0,98
375,10/01/2021,29,0,29
376,11/01/2021,26,0,26
377,12/01/2021,50,0,50
378,13/01/2021,110,0,110
379,14/01/2021,84,0,84
380,15/01/2021,74,0,74
381,16/01/2021,73,0,73
382,17/01/2021,61,0,61
383,18/01/2021,73,0,73
384,19/01/2021,98,1,97
385,20/01/2021,44,3,41
386,21/01/2021,108,3,105
387,22/01/2021,88,3,85
388,23/01/2021,73,11,62
389,24/01/2021,101,2,99
390,25/01/2021,147,3,144
391,26/01/2021,144,9,135
392,27/01/2021,214,5,209
393,28/01/2021,134,2,132
394,29/01/2021,5,4,1
395,30/01/2021,12,11,1
396,31/01/2021,12,32,-20
397,01/02/2021,36,3,33
398,02/02/2021,14,31,-17
399,03/02/2021,16,18,-2
400,04/02/2021,27,0,27
401,05/02/2021,81,0,81
402,06/02/2021,844,0,844
403,07/02/2021,64,0,64
404,08/02/2021,83,0,83
405,09/02/2021,98,0,98
406,10/02/2021,16,0,16
407,11/02/2021,15,0,15
408,12/02/2021,55,0,55
409,13/02/2021,9,42,-33
410,14/02/2021,34,46,-12
411,15/02/2021,38,23,15
412,16/02/2021,40,15,25
413,17/02/2021,40,26,14
414,18/02/2021,37,33,4
415,19/02/2021,15,29,-14
416,20/02/2021,8,25,-17
417,21/02/2021,33,42,-9
418,22/02/2021,34,56,-22
419,23/02/2021,35,65,-30
420,24/02/2021,34,70,-36
421,25/02/2021,30,51,-21
422,26/02/2021,7,46,-39
423,27/02/2021,7,30,-23
424,28/02/2021,15,46,-31
425,01/03/2021,72,0,72
426,02/03/2021,17,31,-14
427,03/03/2021,21,20,1
428,04/03/2021,27,0,27
429,05/03/2021,92,0,92
430,06/03/2021,848,0,848
431,07/03/2021,105,0,105
432,08/03/2021,63,0,63
433,09/03/2021,68,0,68
434,10/03/2021,16,0,16
435,11/03/2021,27,0,27
436,12/03/2021,34,0,34
437,13/03/2021,44,0,44
438,14/03/2021,61,0,61
439,15/03/2021,72,0,72
440,16/03/2021,65,0,65
441,17/03/2021,67,0,67
442,18/03/2021,55,0,55
443,19/03/2021,36,0,36
444,20/03/2021,13,0,13
445,21/03/2021,28,0,28
446,22/03/2021,20,1,19
447,23/03/2021,19,0,19
448,24/03/2021,19,0,19
449,25/03/2021,2,0,2
450,26/03/2021,56,1,55
451,27/03/2021,46,0,46
452,28/03/2021,54,0,54
453,29/03/2021,31,0,31
454,30/03/2021,25,0,25
455,31/03/2021,26,0,26
456,01/04/2021,96,0,96
457,02/04/2021,16,29,-13
458,03/04/2021,50,8,42
459,04/04/2021,35,0,35
460,05/04/2021,89,0,89
461,06/04/2021,650,2,648
462,07/04/2021,114,0,114
463,08/04/2021,57,0,57
464,09/04/2021,50,0,50
465,10/04/2021,22,0,22
466,11/04/2021,29,0,29
467,12/04/2021,29,0,29
468,13/04/2021,72,0,72
469,14/04/2021,59,0,59
470,15/04/2021,81,0,81
471,16/04/2021,76,0,76
472,17/04/2021,73,0,73
473,18/04/2021,93,0,93
474,19/04/2021,125,0,125
475,20/04/2021,136,0,136
476,21/04/2021,130,0,130
477,22/04/2021,134,0,134
478,23/04/2021,159,0,159
479,24/04/2021,134,0,134
480,25/04/2021,135,0,135
481,26/04/2021,117,0,117
482,27/04/2021,106,0,106
483,28/04/2021,104,0,104
484,29/04/2021,106,0,106
485,30/04/2021,105,0,105
486,01/05/2021,86,0,86
487,02/05/2021,10,16,-6
488,03/05/2021,24,8,16
489,04/05/2021,93,0,93
490,05/05/2021,79,0,79
491,06/05/2021,612,2,610
492,07/05/2021,106,0,106
493,08/05/2021,79,0,79
494,09/05/2021,72,0,72
495,10/05/2021,28,0,28
496,11/05/2021,23,0,23
497,12/05/2021,28,0,28
498,13/05/2021,77,0,77
499,14/05/2021,19,0,19
500,15/05/2021,24,0,24
501,16/05/2021,7,0,7
502,17/05/2021,5,0,5
503,18/05/2021,20,0,20
504,19/05/2021,43,0,43
505,20/05/2021,22,0,22
506,21/05/2021,27,0,27
507,22/05/2021,22,0,22
508,23/05/2021,39,0,39
509,24/05/2021,57,0,57
510,25/05/2021,62,0,62
511,26/05/2021,109,0,109
512,27/05/2021,174,0,174
513,28/05/2021,152,0,152
514,29/05/2021,83,0,83
515,30/05/2021,201,0,201
516,31/05/2021,306,0,306
517,01/06/2021,92,0,92
518,02/06/2021,18,25,-7
519,03/06/2021,12,8,4
520,04/06/2021,94,0,94
521,05/06/2021,78,0,78
522,06/06/2021,614,0,614
523,07/06/2021,124,0,124
524,08/06/2021,43,0,43
525,09/06/2021,58,0,58
526,10/06/2021,34,0,34
527,11/06/2021,15,0,15
528,12/06/2021,34,0,34
529,13/06/2021,262,0,262
530,14/06/2021,238,0,238
531,15/06/2021,256,0,256
532,16/06/2021,226,0,226
533,17/06/2021,240,0,240
534,18/06/2021,240,0,240
535,19/06/2021,236,0,236
536,20/06/2021,252,0,252
537,21/06/2021,302,0,302
538,22/06/2021,246,0,246
539,23/06/2021,310,0,310
540,24/06/2021,228,0,228
541,25/06/2021,208,0,208
542,26/06/2021,170,0,170
543,27/06/2021,142,0,142
544,28/06/2021,112,0,112
545,29/06/2021,114,0,114
546,30/06/2021,144,0,144
547,01/07/2021,38,0,38
548,02/07/2021,19,58,-39
549,03/07/2021,25,0,25
550,04/07/2021,104,0,104
551,05/07/2021,55,0,55
552,06/07/2021,342,0,342
553,07/07/2021,113,0,113
554,08/07/2021,35,0,35
555,09/07/2021,58,0,58
556,10/07/2021,36,0,36
557,11/07/2021,16,0,16
558,12/07/2021,43,0,43
559,13/07/2021,138,0,138
560,14/07/2021,124,0,124
561,15/07/2021,105,0,105
562,16/07/2021,47,0,47
563,17/07/2021,95,0,95
564,18/07/2021,82,0,82
565,19/07/2021,157,0,157
566,20/07/2021,159,0,159
567,21/07/2021,118,0,118
568,22/07/2021,109,0,109
569,23/07/2021,77,0,77
570,24/07/2021,65,0,65
571,25/07/2021,69,0,69
572,26/07/2021,94,0,94
573,27/07/2021,134,0,134
574,28/07/2021,112,0,112
575,29/07/2021,75,0,75
576,30/07/2021,38,0,38
577,31/07/2021,20,0,20
578,01/08/2021,36,0,36
579,02/08/2021,15,35,-20
580,03/08/2021,35,5,30
581,04/08/2021,68,0,68
582,05/08/2021,57,0,57
583,06/08/2021,296,0,296
584,07/08/2021,122,0,122
585,08/08/2021,57,0,57
586,09/08/2021,56,0,56
587,10/08/2021,29,0,29
588,11/08/2021,23,0,23
589,12/08/2021,44,0,44
590,13/08/2021,46,0,46
591,14/08/2021,28,0,28
592,15/08/2021,39,0,39
593,16/08/2021,25,0,25
594,17/08/2021,27,0,27
595,18/08/2021,46,0,46
596,19/08/2021,32,0,32
597,20/08/2021,15,0,15
598,21/08/2021,19,0,19
599,22/08/2021,31,0,31
600,23/08/2021,20,0,20
601,24/08/2021,38,0,38
602,25/08/2021,46,0,46
603,26/08/2021,51,0,51
604,27/08/2021,14,0,14
605,28/08/2021,12,0,12
606,29/08/2021,50,0,50
607,30/08/2021,70,0,70
608,31/08/2021,59,0,59
609,01/09/2021,38,0,38
610,02/09/2021,17,35,-18
611,03/09/2021,29,6,23
612,04/09/2021,137,0,137
613,05/09/2021,65,0,65
614,06/09/2021,264,2,262
615,07/09/2021,140,0,140
616,08/09/2021,34,0,34
617,09/09/2021,88,0,88
618,10/09/2021,21,0,21
619,11/09/2021,17,0,17
620,12/09/2021,48,0,48
621,13/09/2021,78,0,78
622,14/09/2021,80,0,80
623,15/09/2021,24,0,24
624,16/09/2021,24,0,24
625,17/09/2021,22,0,22
626,18/09/2021,22,0,22
627,19/09/2021,32,0,32
628,20/09/2021,30,0,30
629,21/09/2021,26,0,26
630,22/09/2021,18,0,18
631,23/09/2021,40,0,40
632,24/09/2021,34,0,34
633,25/09/2021,34,0,34
634,26/09/2021,60,0,60
635,27/09/2021,78,0,78
636,28/09/2021,74,0,74
637,29/09/2021,72,0,72
638,30/09/2021,60,0,60
639,01/10/2021,102,0,102
640,02/10/2021,17,38,-21
641,03/10/2021,34,1,33
642,04/10/2021,135,0,135
643,05/10/2021,76,0,76
644,06/10/2021,266,0,266
645,07/10/2021,143,0,143
646,08/10/2021,47,0,47
647,09/10/2021,58,0,58
648,10/10/2021,31,0,31
649,11/10/2021,17,0,17
650,12/10/2021,29,0,29
651,13/10/2021,35,0,35
652,14/10/2021,37,0,37
653,15/10/2021,26,0,26
654,16/10/2021,29,0,29
655,17/10/2021,23,0,23
656,18/10/2021,22,0,22
657,19/10/2021,35,0,35
658,20/10/2021,33,1,32
659,21/10/2021,27,1,26
660,22/10/2021,26,1,25
661,23/10/2021,25,1,24
662,24/10/2021,37,1,36
663,25/10/2021,33,1,32
664,26/10/2021,33,1,32
665,27/10/2021,25,1,24
666,28/10/2021,36,0,36
667,29/10/2021,17,0,17
668,30/10/2021,28,0,28
669,31/10/2021,25,0,25
670,01/11/2021,166,0,166
671,02/11/2021,26,60,-34
672,03/11/2021,54,0,54
673,04/11/2021,135,0,135
674,05/11/2021,76,0,76
675,06/11/2021,266,2,264
676,07/11/2021,130,0,130
677,08/11/2021,36,0,36
678,09/11/2021,62,0,62
679,10/11/2021,18,0,18
680,11/11/2021,20,0,20
681,12/11/2021,23,0,23
682,13/11/2021,15,0,15
683,14/11/2021,23,0,23
684,15/11/2021,37,0,37
685,16/11/2021,34,0,34
686,17/11/2021,40,0,40
687,18/11/2021,31,0,31
688,19/11/2021,28,0,28
689,20/11/2021,31,0,31
690,21/11/2021,50,0,50
691,22/11/2021,38,0,38
692,23/11/2021,45,0,45
693,24/11/2021,52,0,52
694,25/11/2021,45,0,45
695,26/11/2021,22,0,22
696,27/11/2021,24,0,24
697,28/11/2021,46,0,46
698,29/11/2021,44,0,44
699,30/11/2021,39,0,39
700,01/12/2021,144,0,144
701,02/12/2021,11,48,-37
702,03/12/2021,56,0,56
703,04/12/2021,126,0,126
704,05/12/2021,79,0,79
705,06/12/2021,274,2,272
706,07/12/2021,147,0,147
707,08/12/2021,46,0,46
708,09/12/2021,140,0,140
709,10/12/2021,26,0,26
710,11/12/2021,13,0,13
711,12/12/2021,42,0,42
712,13/12/2021,48,0,48
713,14/12/2021,48,0,48
714,15/12/2021,28,0,28
715,16/12/2021,53,0,53
716,17/12/2021,56,0,56
717,18/12/2021,50,0,50
718,19/12/2021,54,0,54
719,20/12/2021,55,0,55
720,21/12/2021,54,0,54
721,22/12/2021,89,0,89
722,23/12/2021,140,0,140
723,24/12/2021,118,0,118
724,25/12/2021,121,0,121
725,26/12/2021,158,0,158
726,27/12/2021,145,0,145
727,28/12/2021,120,0,120
728,29/12/2021,111,0,111
729,30/12/2021,100,1,99
730,31/12/2021,84,1,83
731,01/01/2022,57,0,57
732,02/01/2022,80,0,80
733,03/01/2022,9,0,9
734,04/01/2022,41,0,41
735,05/01/2022,117,0,117
736,06/01/2022,38,0,38
737,07/01/2022,55,0,55
738,08/01/2022,12,0,12
739,09/01/2022,10,61,-51
740,10/01/2022,17,7,10
741,11/01/2022,47,0,47
742,12/01/2022,121,0,121
743,13/01/2022,54,0,54
744,14/01/2022,53,0,53
745,15/01/2022,52,0,52
746,16/01/2022,48,0,48
747,17/01/2022,30,0,30
748,18/01/2022,21,0,21
749,19/01/2022,26,0,26
750,20/01/2022,22,0,22
751,21/01/2022,10,0,10
752,22/01/2022,12,0,12
753,23/01/2022,23,0,23
754,24/01/2022,26,0,26
755,25/01/2022,72,0,72
756,26/01/2022,81,0,81
757,27/01/2022,81,0,81
758,28/01/2022,75,0,75
759,29/01/2022,86,0,86
760,30/01/2022,81,0,81
761,31/01/2022,87,0,87
762,01/02/2022,26,0,26
763,02/02/2022,74,0,74
764,03/02/2022,26,0,26
765,04/02/2022,40,0,40
766,05/02/2022,129,0,129
767,06/02/2022,46,0,46
768,07/02/2022,44,0,44
769,08/02/2022,22,0,22
770,09/02/2022,15,34,-19
771,10/02/2022,19,4,15
772,11/02/2022,54,0,54
773,12/02/2022,110,0,110
774,13/02/2022,30,0,30
775,14/02/2022,24,0,24
776,15/02/2022,32,0,32
777,16/02/2022,45,0,45
778,17/02/2022,43,0,43
779,18/02/2022,44,0,44
780,19/02/2022,19,0,19
781,20/02/2022,15,0,15
782,21/02/2022,13,0,13
783,22/02/2022,13,0,13
784,23/02/2022,17,0,17
785,24/02/2022,14,0,14
786,25/02/2022,19,0,19
787,26/02/2022,15,0,15
788,27/02/2022,16,0,16
789,28/02/2022,15,0,15
790,01/03/2022,23,0,23
791,02/03/2022,74,0,74
792,03/03/2022,18,0,18
793,04/03/2022,52,0,52
794,05/03/2022,78,0,78
795,06/03/2022,55,0,55
796,07/03/2022,46,0,46
797,08/03/2022,40,0,40
798,09/03/2022,8,28,-20
799,10/03/2022,20,0,20
800,11/03/2022,66,0,66
801,12/03/2022,76,0,76
802,13/03/2022,104,0,104
803,14/03/2022,96,0,96
804,15/03/2022,110,0,110
805,16/03/2022,83,0,83
806,17/03/2022,91,0,91
807,18/03/2022,80,0,80
808,19/03/2022,62,0,62
809,20/03/2022,37,0,37
810,21/03/2022,79,0,79
811,22/03/2022,78,0,78
812,23/03/2022,59,0,59
813,24/03/2022,69,1,68
814,25/03/2022,69,2,67
815,26/03/2022,68,0,68
816,27/03/2022,72,2,70
817,28/03/2022,65,0,65
818,29/03/2022,55,1,54
819,30/03/2022,53,0,53
820,31/03/2022,53,0,53
821,01/04/2022,40,0,40
822,02/04/2022,75,0,75
823,03/04/2022,21,0,21
824,04/04/2022,64,0,64
825,05/04/2022,39,0,39
826,06/04/2022,29,0,29
827,07/04/2022,51,0,51
828,08/04/2022,45,0,45
829,09/04/2022,16,53,-37
830,10/04/2022,19,0,19
831,11/04/2022,41,0,41
832,12/04/2022,103,0,103
833,13/04/2022,125,0,125
834,14/04/2022,133,0,133
835,15/04/2022,119,0,119
836,16/04/2022,110,0,110
837,17/04/2022,113,0,113
838,18/04/2022,111,0,111
839,19/04/2022,66,0,66
840,20/04/2022,78,0,78
841,21/04/2022,89,0,89
842,22/04/2022,68,0,68
843,23/04/2022,50,0,50
844,24/04/2022,37,0,37
845,25/04/2022,54,0,54
846,26/04/2022,44,0,44
847,27/04/2022,24,0,24
848,28/04/2022,16,0,16
849,29/04/2022,97,0,97
850,30/04/2022,70,0,70
851,01/05/2022,73,0,73
852,02/05/2022,87,0,87
853,03/05/2022,11,0,11
854,04/05/2022,88,0,88
855,05/05/2022,168,1,167
856,06/05/2022,19,0,19
857,07/05/2022,51,0,51
858,08/05/2022,27,0,27
859,09/05/2022,16,52,-36
860,10/05/2022,16,0,16
861,11/05/2022,53,0,53
862,12/05/2022,113,0,113
863,13/05/2022,37,0,37
864,14/05/2022,29,0,29
865,15/05/2022,42,0,42
866,16/05/2022,36,0,36
867,17/05/2022,41,0,41
868,18/05/2022,39,0,39
869,19/05/2022,35,0,35
870,20/05/2022,90,0,90
871,21/05/2022,82,0,82
872,22/05/2022,92,0,92
873,23/05/2022,88,0,88
874,24/05/2022,102,0,102
875,25/05/2022,100,0,100
876,26/05/2022,105,0,105
877,27/05/2022,132,0,132
878,28/05/2022,114,0,114
879,29/05/2022,100,0,100
880,30/05/2022,53,0,53
881,31/05/2022,40,0,40
882,01/06/2022,75,0,75
883,02/06/2022,20,0,20
884,03/06/2022,25,0,25
885,04/06/2022,100,0,100
886,05/06/2022,120,1,119
887,06/06/2022,26,0,26
888,07/06/2022,50,0,50
889,08/06/2022,22,0,22
890,09/06/2022,19,45,-26
891,10/06/2022,16,0,16
892,11/06/2022,28,0,28
893,12/06/2022,105,0,105
894,13/06/2022,84,0,84
895,14/06/2022,80,0,80
896,15/06/2022,90,0,90
897,16/06/2022,91,0,91
898,17/06/2022,86,0,86
899,18/06/2022,77,0,77
900,19/06/2022,55,0,55
901,20/06/2022,57,0,57
902,21/06/2022,43,0,43
903,22/06/2022,63,0,63
904,23/06/2022,53,0,53
905,24/06/2022,55,0,55
906,25/06/2022,43,0,43
907,26/06/2022,49,0,49
908,27/06/2022,41,0,41
909,28/06/2022,59,0,59
910,29/06/2022,61,0,61
911,30/06/2022,74,0,74
912,01/07/2022,70,0,70
913,02/07/2022,33,0,33
914,03/07/2022,25,0,25
915,04/07/2022,97,0,97
916,05/07/2022,118,1,117
917,06/07/2022,47,0,47
918,07/07/2022,33,0,33
919,08/07/2022,17,0,17
920,09/07/2022,19,32,-13
921,10/07/2022,16,0,16
922,11/07/2022,61,0,61
923,12/07/2022,136,0,136
924,13/07/2022,44,0,44
925,14/07/2022,24,0,24
926,15/07/2022,20,0,20
927,16/07/2022,11,0,11
928,17/07/2022,27,0,27
929,18/07/2022,18,0,18
930,19/07/2022,29,0,29
931,20/07/2022,37,0,37
932,21/07/2022,22,0,22
933,22/07/2022,22,0,22
934,23/07/2022,16,0,16
935,24/07/2022,26,0,26
936,25/07/2022,24,0,24
937,26/07/2022,21,0,21
938,27/07/2022,25,0,25
939,28/07/2022,13,0,13
940,29/07/2022,8,0,8
941,30/07/2022,11,0,11
942,31/07/2022,5,0,5
943,01/08/2022,65,0,65
944,02/08/2022,25,0,25
945,03/08/2022,41,0,41
946,04/08/2022,60,0,60
947,05/08/2022,100,0,100
948,06/08/2022,51,0,51
949,07/08/2022,45,0,45
950,08/08/2022,42,0,42
951,09/08/2022,20,28,-8
952,10/08/2022,5,0,5
953,11/08/2022,78,0,78
954,12/08/2022,142,1,141
955,13/08/2022,19,0,19
956,14/08/2022,32,0,32
957,15/08/2022,27,0,27
958,16/08/2022,32,0,32
959,17/08/2022,38,0,38
960,18/08/2022,43,0,43
961,19/08/2022,31,0,31
962,20/08/2022,32,0,32
963,21/08/2022,28,0,28
964,22/08/2022,31,0,31
965,23/08/2022,26,0,26
966,24/08/2022,30,0,30
967,25/08/2022,24,0,24
968,26/08/2022,15,0,15
969,27/08/2022,14,22,-8
970,28/08/2022,23,61,-38
971,29/08/2022,19,30,-11
972,30/08/2022,11,24,-13
973,31/08/2022,13,44,-31
974,01/09/2022,64,0,64
975,02/09/2022,30,0,30
976,03/09/2022,49,0,49
977,04/09/2022,43,0,43
978,05/09/2022,83,0,83
979,06/09/2022,61,0,61
980,07/09/2022,34,0,34
981,08/09/2022,45,0,45
982,09/09/2022,23,16,7
983,10/09/2022,7,0,7
984,11/09/2022,81,0,81
985,12/09/2022,78,5,73
986,13/09/2022,53,2,51
987,14/09/2022,50,2,48
988,15/09/2022,62,1,61
989,16/09/2022,37,2,35
990,17/09/2022,58,0,58
991,18/09/2022,45,0,45
992,19/09/2022,39,0,39
993,20/09/2022,39,0,39
994,21/09/2022,44,0,44
995,22/09/2022,44,3,41
996,23/09/2022,17,0,17
997,24/09/2022,20,2,18
998,25/09/2022,33,1,32
999,26/09/2022,34,0,34
1000,27/09/2022,28,1,27
1001,28/09/2022,34,4,30
1002,29/09/2022,40,7,33
1003,30/09/2022,25,3,22
1004,01/10/2022,51,0,51
1005,02/10/2022,32,0,32
1006,03/10/2022,77,0,77
1007,04/10/2022,105,0,105
1008,05/10/2022,92,0,92
1009,06/10/2022,62,0,62
1010,07/10/2022,25,0,25
1011,08/10/2022,27,0,27
1012,09/10/2022,27,3,24
1013,10/10/2022,6,0,6
1014,11/10/2022,81,1,80
1015,12/10/2022,60,5,55
1016,13/10/2022,6,0,6
1017,14/10/2022,7,0,7
1018,15/10/2022,8,0,8
1019,16/10/2022,6,0,6
1020,17/10/2022,6,0,6
1021,18/10/2022,15,0,15
1022,19/10/2022,14,1,13
1023,20/10/2022,20,3,17
1024,21/10/2022,20,0,20
1025,22/10/2022,10,0,10
1026,23/10/2022,7,0,7
1027,24/10/2022,19,0,19
1028,25/10/2022,23,0,23
1029,26/10/2022,24,0,24
1030,27/10/2022,23,0,23
1031,28/10/2022,26,0,26
1032,29/10/2022,24,0,24
1033,30/10/2022,35,0,35
1034,31/10/2022,34,0,34
1035,01/11/2022,54,0,54
1036,02/11/2022,39,0,39
1037,03/11/2022,68,1,67
1038,04/11/2022,118,0,118
1039,05/11/2022,59,0,59
1040,06/11/2022,49,0,49
1041,07/11/2022,33,0,33
1042,08/11/2022,36,0,36
1043,09/11/2022,40,1,39
1044,10/11/2022,18,0,18
1045,11/11/2022,68,0,68
1046,12/11/2022,95,1,94
1047,13/11/2022,63,0,63
1048,14/11/2022,33,1,32
1049,15/11/2022,44,0,44
1050,16/11/2022,60,0,60
1051,17/11/2022,64,0,64
1052,18/11/2022,80,0,80
1053,19/11/2022,88,0,88
1054,20/11/2022,112,0,112
1055,21/11/2022,124,0,124
1056,22/11/2022,113,0,113
1057,23/11/2022,124,0,124
1058,24/11/2022,92,0,92
1059,25/11/2022,51,0,51
1060,26/11/2022,43,0,43
1061,27/11/2022,82,0,82
1062,28/11/2022,90,0,90
1063,29/11/2022,81,0,81
1064,30/11/2022,89,0,89
1065,01/12/2022,55,0,55
1066,02/12/2022,41,0,41
1067,03/12/2022,61,0,61
1068,04/12/2022,130,0,130
1069,05/12/2022,45,0,45
1070,06/12/2022,64,0,64
1071,07/12/2022,43,0,43
1072,08/12/2022,19,0,19
1073,09/12/2022,63,3,60
1074,10/12/2022,6,0,6
1075,11/12/2022,66,0,66
1076,12/12/2022,98,1,97
1077,13/12/2022,75,1,74
1078,14/12/2022,75,5,70
1079,15/12/2022,81,5,76
1080,16/12/2022,64,5,59
1081,17/12/2022,36,5,31
1082,18/12/2022,22,5,17
1083,19/12/2022,32,5,27
1084,20/12/2022,40,5,35
1085,21/12/2022,25,5,20
1086,22/12/2022,28,0,28
1087,23/12/2022,48,0,48
1088,24/12/2022,46,0,46
1089,25/12/2022,40,0,40
1090,26/12/2022,44,0,44
1091,27/12/2022,59,0,59
1092,28/12/2022,33,0,33
1093,29/12/2022,38,0,38
1094,30/12/2022,33,0,33
1095,31/12/2022,28,0,28
1096,01/01/2023,20,0,20
1097,02/01/2023,126,2,124
1098,03/01/2023,47,0,47
1099,04/01/2023,70,11,59
1100,05/01/2023,24,0,24
1101,06/01/2023,33,0,33
1102,07/01/2023,108,0,108
1103,08/01/2023,141,0,141
1104,09/01/2023,15,0,15
1105,10/01/2023,60,0,60
1106,11/01/2023,2,0,2
1107,12/01/2023,0,0,0
1108,13/01/2023,20,0,20
1109,14/01/2023,23,0,23
1110,15/01/2023,22,0,22
1111,16/01/2023,22,0,22
1112,17/01/2023,22,0,22
1113,18/01/2023,22,0,22
1114,19/01/2023,24,0,24
1115,20/01/2023,21,0,21
1116,21/01/2023,15,0,15
1117,22/01/2023,12,0,12
1118,23/01/2023,12,0,12
1119,24/01/2023,12,0,12
1120,25/01/2023,12,0,12
1121,26/01/2023,22,0,22
1122,27/01/2023,30,0,30
1123,28/01/2023,39,0,39
1124,29/01/2023,31,0,31
1125,30/01/2023,51,0,51
1126,31/01/2023,99,0,99
1127,01/02/2023,19,0,19
1128,02/02/2023,63,0,63
1129,03/02/2023,46,0,46
1130,04/02/2023,89,14,75
1131,05/02/2023,29,0,29
1132,06/02/2023,39,0,39
1133,07/02/2023,169,0,169
1134,08/02/2023,125,0,125
1135,09/02/2023,8,0,8
1136,10/02/2023,58,1,57
1137,11/02/2023,3,0,3
1138,12/02/2023,0,0,0
1139,13/02/2023,19,0,19
1140,14/02/2023,26,0,26
1141,15/02/2023,42,0,42
1142,16/02/2023,35,0,35
1143,17/02/2023,36,0,36
1144,18/02/2023,48,1,47
1145,19/02/2023,87,0,87
1146,20/02/2023,117,0,117
1147,21/02/2023,82,0,82
1148,22/02/2023,116,0,116
1149,23/02/2023,108,0,108
1150,24/02/2023,72,0,72
1151,25/02/2023,52,0,52
1152,26/02/2023,104,0,104
1153,27/02/2023,112,0,112
1154,28/02/2023,69,0,69
1155,01/03/2023,42,0,42
1156,02/03/2023,40,0,40
1157,03/03/2023,44,0,44
1158,04/03/2023,76,14,62
1159,05/03/2023,32,0,32
1160,06/03/2023,42,0,42
1161,07/03/2023,126,0,126
1162,08/03/2023,104,0,104
1163,09/03/2023,24,0,24
1164,10/03/2023,70,0,70
1165,11/03/2023,2,0,2
1166,12/03/2023,0,0,0
1167,13/03/2023,52,0,52
1168,14/03/2023,49,0,49
1169,15/03/2023,35,0,35
1170,16/03/2023,31,0,31
1171,17/03/2023,28,0,28
1172,18/03/2023,21,0,21
1173,19/03/2023,33,3,30
1174,20/03/2023,46,1,45
1175,21/03/2023,57,0,57
1176,22/03/2023,64,0,64
1177,23/03/2023,50,0,50
1178,24/03/2023,39,0,39
1179,25/03/2023,39,0,39
1180,26/03/2023,35,0,35
1181,27/03/2023,58,0,58
1182,28/03/2023,62,8,54
1183,29/03/2023,62,11,51
1184,30/03/2023,68,8,60
1185,31/03/2023,54,11,43
1186,01/04/2023,19,0,19
1187,02/04/2023,44,0,44
1188,03/04/2023,32,0,32
1189,04/04/2023,87,14,73
1190,05/04/2023,25,0,25
1191,06/04/2023,56,0,56
1192,07/04/2023,136,0,136
1193,08/04/2023,93,0,93
1194,09/04/2023,21,0,21
1195,10/04/2023,100,0,100
1196,11/04/2023,2,0,2
1197,12/04/2023,0,0,0
1198,13/04/2023,74,0,74
1199,14/04/2023,56,0,56
1200,15/04/2023,29,0,29
1201,16/04/2023,48,0,48
1202,17/04/2023,54,0,54
1203,18/04/2023,5,0,5
1204,19/04/2023,46,0,46
1205,20/04/2023,45,0,45
1206,21/04/2023,18,0,18
1207,22/04/2023,23,0,23
1208,23/04/2023,39,0,39
1209,24/04/2023,21,0,21
1210,25/04/2023,13,0,13
1211,26/04/2023,31,0,31
1212,27/04/2023,27,0,27
1213,28/04/2023,28,0,28
1214,29/04/2023,26,0,26
1215,30/04/2023,27,0,27
1216,01/05/2023,16,0,16
1217,02/05/2023,36,0,36
1218,03/05/2023,30,0,30
1219,04/05/2023,85,0,85
1220,05/05/2023,23,0,23
1221,06/05/2023,40,0,40
1222,07/05/2023,145,0,145
1223,08/05/2023,83,0,83
1224,09/05/2023,36,0,36
1225,10/05/2023,28,0,28
1226,11/05/2023,2,0,2
1227,12/05/2023,0,0,0
1228,13/05/2023,14,0,14
1229,14/05/2023,23,0,23
1230,15/05/2023,36,0,36
1231,16/05/2023,24,0,24
1232,17/05/2023,33,0,33
1233,18/05/2023,35,0,35
1234,19/05/2023,37,0,37
1235,20/05/2023,50,0,50
1236,21/05/2023,53,0,53
1237,22/05/2023,30,0,30
1238,23/05/2023,43,0,43
1239,24/05/2023,47,0,47
1240,25/05/2023,10,0,10
1241,26/05/2023,4,0,4
1242,27/05/2023,21,0,21
1243,28/05/2023,20,0,20
1244,29/05/2023,15,0,15
1245,30/05/2023,29,0,29
1246,31/05/2023,30,0,30
1247,01/06/2023,38,0,38
1248,02/06/2023,49,0,49
1249,03/06/2023,60,0,60
1250,04/06/2023,75,0,75
1251,05/06/2023,12,0,12
1252,06/06/2023,44,0,44
1253,07/06/2023,86,0,86
1254,08/06/2023,95,0,95
1255,09/06/2023,35,0,35
1256,10/06/2023,19,0,19
1257,11/06/2023,2,0,2
1258,12/06/2023,0,0,0
1259,13/06/2023,108,0,108
1260,14/06/2023,151,1,150
1261,15/06/2023,213,0,213
1262,16/06/2023,156,0,156
1263,17/06/2023,137,0,137
1264,18/06/2023,235,0,235
1265,19/06/2023,226,0,226
1266,20/06/2023,200,0,200
1267,21/06/2023,224,0,224
1268,22/06/2023,220,0,220
1269,23/06/2023,103,0,103
1270,24/06/2023,69,0,69
1271,25/06/2023,161,0,161
1272,26/06/2023,151,0,151
1273,27/06/2023,163,0,163
1274,28/06/2023,169,0,169
1275,29/06/2023,154,0,154
1276,30/06/2023,96,0,96
1277,01/07/2023,37,0,37
1278,02/07/2023,41,0,41
1279,03/07/2023,42,0,42
1280,04/07/2023,70,0,70
1281,05/07/2023,6,0,6
1282,06/07/2023,66,0,66
1283,07/07/2023,51,0,51
1284,08/07/2023,101,0,101
1285,09/07/2023,33,0,33
1286,10/07/2023,8,0,8
1287,11/07/2023,2,0,2
1288,12/07/2023,0,1,-1
1289,13/07/2023,68,0,68
1290,14/07/2023,37,0,37
1291,15/07/2023,22,0,22
1292,16/07/2023,64,0,64
1293,17/07/2023,56,0,56
1294,18/07/2023,56,0,56
1295,19/07/2023,48,0,48
1296,20/07/2023,58,0,58
1297,21/07/2023,44,1,43
1298,22/07/2023,28,0,28
1299,23/07/2023,65,0,65
1300,24/07/2023,111,0,111
1301,25/07/2023,103,0,103
1302,26/07/2023,83,0,83
1303,27/07/2023,53,0,53
1304,28/07/2023,78,0,78
1305,29/07/2023,70,0,70
1306,30/07/2023,152,0,152
1307,31/07/2023,151,0,151
1308,01/08/2023,38,0,38
1309,02/08/2023,42,0,42
1310,03/08/2023,36,0,36
1311,04/08/2023,79,0,79
1312,05/08/2023,0,0,0
1313,06/08/2023,123,0,123
1314,07/08/2023,31,0,31
1315,08/08/2023,125,0,125
1316,09/08/2023,19,0,19
1317,10/08/2023,12,0,12
1318,11/08/2023,3,0,3
1319,12/08/2023,0,0,0
1320,13/08/2023,87,0,87
1321,14/08/2023,165,0,165
1322,15/08/2023,212,0,212
1323,16/08/2023,244,0,244
1324,17/08/2023,327,0,327
1325,18/08/2023,281,0,281
1326,19/08/2023,163,0,163
1327,20/08/2023,341,0,341
1328,21/08/2023,283,0,283
1329,22/08/2023,245,0,245
1330,23/08/2023,214,0,214
1331,24/08/2023,148,0,148
1332,25/08/2023,55,0,55
1333,26/08/2023,48,1,47
1334,27/08/2023,60,0,60
1335,28/08/2023,54,0,54
1336,29/08/2023,44,1,43
1337,30/08/2023,35,0,35
1338,31/08/2023,21,1,20
1339,01/09/2023,35,0,35
1340,02/09/2023,34,0,34
1341,03/09/2023,48,0,48
1342,04/09/2023,89,0,89
1343,05/09/2023,2,0,2
1344,06/09/2023,111,0,111
1345,07/09/2023,52,0,52
1346,08/09/2023,107,0,107
1347,09/09/2023,20,0,20
1348,10/09/2023,15,0,15
1349,11/09/2023,2,0,2
1350,12/09/2023,1,0,1
1351,13/09/2023,27,0,27
1352,14/09/2023,33,0,33
1353,15/09/2023,17,0,17
1354,16/09/2023,6,0,6
1355,17/09/2023,14,0,14
1356,18/09/2023,13,0,13
1357,19/09/2023,14,0,14
1358,20/09/2023,11,0,11
1359,21/09/2023,13,0,13
1360,22/09/2023,7,0,7
1361,23/09/2023,1,0,1
1362,24/09/2023,4,0,4
1363,25/09/2023,0,0,0
1364,26/09/2023,11,0,11
1365,27/09/2023,17,0,17
1366,28/09/2023,17,1,16
1367,29/09/2023,10,0,10
1368,30/09/2023,2,0,2
1369,01/10/2023,13,0,13
1370,02/10/2023,21,0,21
1371,03/10/2023,26,0,26
1372,04/10/2023,90,0,90
1373,05/10/2023,15,0,15
1374,06/10/2023,102,0,102
1375,07/10/2023,48,0,48
1376,08/10/2023,114,0,114
1377,09/10/2023,42,0,42
1378,10/10/2023,18,0,18
1379,11/10/2023,2,0,2
1380,12/10/2023,0,0,0
1381,13/10/2023,6,0,6
1382,14/10/2023,1,0,1
1383,15/10/2023,1,0,1
1384,16/10/2023,2,0,2
1385,17/10/2023,1,0,1
1386,18/10/2023,1,0,1
1387,19/10/2023,1,0,1
1388,20/10/2023,1,0,1
1389,21/10/2023,1,0,1
1390,22/10/2023,1,0,1
1391,23/10/2023,1,0,1
1392,24/10/2023,0,0,0
1393,25/10/2023,1,0,1
1394,26/10/2023,0,0,0
1395,27/10/2023,0,0,0
1396,28/10/2023,0,0,0
1397,29/10/2023,0,0,0
1398,30/10/2023,0,0,0
1399,31/10/2023,0,0,0
1400,01/11/2023,14,0,14
1401,02/11/2023,21,0,21
1402,03/11/2023,19,0,19
1403,04/11/2023,66,0,66
1404,05/11/2023,21,0,21
1405,06/11/2023,145,0,145
1406,07/11/2023,52,0,52
1407,08/11/2023,92,0,92
1408,09/11/2023,30,0,30
1409,10/11/2023,6,0,6
1410,11/11/2023,2,0,2
1411,12/11/2023,0,0,0
1412,13/11/2023,2,0,2
1413,14/11/2023,2,0,2
1414,15/11/2023,2,0,2
1415,16/11/2023,2,0,2
1416,17/11/2023,2,0,2
1417,18/11/2023,2,0,2
1418,19/11/2023,2,0,2
1419,20/11/2023,2,0,2
1420,21/11/2023,2,0,2
1421,22/11/2023,2,0,2
1422,23/11/2023,2,0,2
1423,24/11/2023,4,0,4
1424,25/11/2023,2,0,2
1425,26/11/2023,2,0,2
1426,27/11/2023,3,0,3
1427,28/11/2023,2,0,2
1428,29/11/2023,4,0,4
1429,30/11/2023,3,0,3
1430,01/12/2023,21,0,21
1431,02/12/2023,19,0,19
1432,03/12/2023,80,0,80
1433,04/12/2023,74,0,74
1434,05/12/2023,28,0,28
1435,06/12/2023,116,0,116
1436,07/12/2023,80,0,80
1437,08/12/2023,52,0,52
1438,09/12/2023,35,0,35
1439,10/12/2023,6,0,6
1440,11/12/2023,3,0,3
1441,12/12/2023,0,0,0
1442,13/12/2023,0,0,0
1443,14/12/2023,25,0,25
1444,15/12/2023,30,0,30
1445,16/12/2023,31,0,31
1446,17/12/2023,30,0,30
1447,18/12/2023,30,1,29
1448,19/12/2023,30,0,30
1449,20/12/2023,30,0,30
1450,21/12/2023,31,0,31
1451,22/12/2023,31,0,31
1452,23/12/2023,31,0,31
1453,24/12/2023,30,0,30
1454,25/12/2023,30,0,30
1455,26/12/2023,30,0,30
1456,27/12/2023,31,0,31
1457,28/12/2023,29,0,29
1458,29/12/2023,28,0,28
1459,30/12/2023,30,0,30
1460,31/12/2023,31,0,31
1461,01/01/2024,0,0,0
1462,02/01/2024,10,0,10
1463,03/01/2024,16,0,16
1464,04/01/2024,51,0,51
1465,05/01/2024,14,0,14
1466,06/01/2024,136,0,136
1467,07/01/2024,230,0,230
1468,08/01/2024,648,0,648
1469,09/01/2024,75,0,75
1470,10/01/2024,37,0,37
1471,11/01/2024,9,0,9
1472,12/01/2024,118,0,118
1473,13/01/2024,1,8,-7
1474,14/01/2024,1,10,-9
1475,15/01/2024,0,12,-12
1476,16/01/2024,0,5,-5
1477,17/01/2024,0,7,-7
1478,18/01/2024,1,3,-2
1479,19/01/2024,0,3,-3
1480,20/01/2024,0,7,-7
1481,21/01/2024,0,1,-1
1482,22/01/2024,2,4,-2
1483,23/01/2024,3,0,3
1484,24/01/2024,6,0,6
1485,25/01/2024,0,0,0
1486,26/01/2024,2,0,2
1487,27/01/2024,6,0,6
1488,28/01/2024,3,0,3
1489,29/01/2024,4,0,4
1490,30/01/2024,5,0,5
1491,31/01/2024,6,0,6
1492,01/02/2024,33,0,33
1493,02/02/2024,6,0,6
1494,03/02/2024,10,0,10
1495,04/02/2024,6,0,6
1496,05/02/2024,18,0,18
1497,06/02/2024,174,0,174
1498,07/02/2024,246,0,246
1499,08/02/2024,0,0,0
1500,09/02/2024,74,0,74
1501,10/02/2024,23,2,21
1502,11/02/2024,18,0,18
1503,12/02/2024,103,0,103
1504,13/02/2024,8,4,4
1505,14/02/2024,8,0,8
1506,15/02/2024,2,0,2
1507,16/02/2024,4,0,4
1508,17/02/2024,10,0,10
1509,18/02/2024,8,0,8
1510,19/02/2024,10,0,10
1511,20/02/2024,10,0,10
1512,21/02/2024,10,0,10
1513,22/02/2024,6,0,6
1514,23/02/2024,6,0,6
1515,24/02/2024,12,0,12
1516,25/02/2024,10,0,10
1517,26/02/2024,14,0,14
1518,27/02/2024,6,0,6
1519,28/02/2024,18,0,18
1520,29/02/2024,2,0,2
1521,01/03/2024,7,0,7
1522,02/03/2024,8,0,8
1523,03/03/2024,44,0,44
1524,04/03/2024,9,0,9
1525,05/03/2024,44,0,44
1526,06/03/2024,144,0,144
1527,07/03/2024,324,0,324
1528,08/03/2024,0,0,0
1529,09/03/2024,76,0,76
1530,10/03/2024,6,0,6
1531,11/03/2024,13,0,13
1532,12/03/2024,98,0,98
1533,13/03/2024,296,0,296
1534,14/03/2024,312,0,312
1535,15/03/2024,222,2,220
1536,16/03/2024,222,0,222
1537,17/03/2024,308,0,308
1538,18/03/2024,334,0,334
1539,19/03/2024,332,0,332
1540,20/03/2024,332,0,332
1541,21/03/2024,164,0,164
1542,22/03/2024,56,0,56
1543,23/03/2024,28,0,28
1544,24/03/2024,174,0,174
1545,25/03/2024,136,0,136
1546,26/03/2024,130,0,130
1547,27/03/2024,110,0,110
1548,28/03/2024,128,0,128
1549,29/03/2024,80,0,80
1550,30/03/2024,108,0,108
1551,31/03/2024,114,0,114
1552,01/04/2024,0,0,0
1553,02/04/2024,14,0,14
1554,03/04/2024,46,0,46
1555,04/04/2024,24,0,24
1556,05/04/2024,48,0,48
1557,06/04/2024,144,0,144
1558,07/04/2024,324,0,324
1559,08/04/2024,0,0,0
1560,09/04/2024,36,0,36
1561,10/04/2024,4,0,4
1562,11/04/2024,10,0,10
1563,12/04/2024,97,0,97
1564,13/04/2024,27,0,27
1565,14/04/2024,83,0,83
1566,15/04/2024,85,0,85
1567,16/04/2024,68,0,68
1568,17/04/2024,97,0,97
1569,18/04/2024,74,0,74
1570,19/04/2024,67,0,67
1571,20/04/2024,56,0,56
1572,21/04/2024,69,0,69
1573,22/04/2024,51,0,51
1574,23/04/2024,56,0,56
1575,24/04/2024,21,0,21
1576,25/04/2024,29,0,29
1577,26/04/2024,34,0,34
1578,27/04/2024,40,0,40
1579,28/04/2024,7,0,7
1580,29/04/2024,15,0,15
1581,30/04/2024,8,0,8
1582,01/05/2024,0,0,0
1583,02/05/2024,138,0,138
1584,03/05/2024,64,0,64
1585,04/05/2024,26,1,25
1586,05/05/2024,36,0,36
1587,06/05/2024,106,0,106
1588,07/05/2024,410,0,410
1589,08/05/2024,0,0,0
1590,09/05/2024,45,0,45
1591,10/05/2024,6,0,6
1592,11/05/2024,37,0,37
1593,12/05/2024,102,0,102
1594,13/05/2024,4,0,4
1595,14/05/2024,36,0,36
1596,15/05/2024,28,0,28
1597,16/05/2024,44,0,44
1598,17/05/2024,52,0,52
1599,18/05/2024,66,0,66
1600,19/05/2024,52,0,52
1601,20/05/2024,58,0,58
1602,21/05/2024,78,0,78
1603,22/05/2024,174,0,174
1604,23/05/2024,160,0,160
1605,24/05/2024,124,0,124
1606,25/05/2024,130,0,130
1607,26/05/2024,184,0,184
1608,27/05/2024,256,0,256
1609,28/05/2024,242,0,242
1610,29/05/2024,196,0,196
1611,30/05/2024,158,0,158
1612,31/05/2024,152,0,152
1613,01/06/2024,0,0,0
1614,02/06/2024,156,0,156
1615,03/06/2024,44,0,44
1616,04/06/2024,27,0,27
1617,05/06/2024,12,0,12
1618,06/06/2024,96,0,96
1619,07/06/2024,334,0,334
1620,08/06/2024,0,0,0
1621,09/06/2024,44,0,44
1622,10/06/2024,16,0,16
1623,11/06/2024,31,0,31
1624,12/06/2024,46,0,46
1625,13/06/2024,78,0,78
1626,14/06/2024,154,0,154
1627,15/06/2024,150,0,150
1628,16/06/2024,238,0,238
1629,17/06/2024,348,0,348
1630,18/06/2024,408,0,408
1631,19/06/2024,392,0,392
1632,20/06/2024,240,0,240
1633,21/06/2024,240,0,240
1634,22/06/2024,214,0,214
1635,23/06/2024,234,0,234
1636,24/06/2024,288,0,288
1637,25/06/2024,312,0,312
1638,26/06/2024,280,0,280
1639,27/06/2024,236,0,236
1640,28/06/2024,200,0,200
1641,29/06/2024,186,0,186
1642,30/06/2024,164,0,164
1643,01/07/2024,0,0,0
1644,02/07/2024,160,0,160
1645,03/07/2024,82,0,82
1646,04/07/2024,37,0,37
1647,05/07/2024,40,0,40
1648,06/07/2024,56,0,56
1649,07/07/2024,458,0,458
1650,08/07/2024,0,0,0
1651,09/07/2024,48,0,48
1652,10/07/2024,0,1,-1
1653,11/07/2024,31,0,31
1654,12/07/2024,21,0,21
1655,13/07/2024,298,0,298
1656,14/07/2024,282,0,282
1657,15/07/2024,332,0,332
1658,16/07/2024,242,0,242
1659,17/07/2024,216,0,216
1660,18/07/2024,188,0,188
1661,19/07/2024,136,2,134
1662,20/07/2024,72,2,70
1663,21/07/2024,114,0,114
1664,22/07/2024,132,0,132
1665,23/07/2024,174,0,174
1666,24/07/2024,200,0,200
1667,25/07/2024,258,0,258
1668,26/07/2024,272,0,272
1669,27/07/2024,158,0,158
1670,28/07/2024,158,0,158
1671,29/07/2024,206,4,202
1672,30/07/2024,282,0,282
1673,31/07/2024,584,0,584
1674,01/08/2024,0,0,0
1675,02/08/2024,156,0,156
1676,03/08/2024,36,0,36
1677,04/08/2024,49,0,49
1678,05/08/2024,56,0,56
1679,06/08/2024,94,0,94
1680,07/08/2024,514,0,514
1681,08/08/2024,0,0,0
1682,09/08/2024,22,0,22
1683,10/08/2024,15,0,15
1684,11/08/2024,26,0,26
1685,12/08/2024,41,0,41
1686,13/08/2024,0,0,0
1687,14/08/2024,0,0,0
1688,15/08/2024,0,0,0
1689,16/08/2024,0,0,0
1690,17/08/2024,0,0,0
1691,18/08/2024,0,0,0
1692,19/08/2024,0,0,0
1693,20/08/2024,0,0,0
1694,21/08/2024,0,0,0
1695,22/08/2024,0,0,0
1696,23/08/2024,0,0,0
1697,24/08/2024,0,0,0
1698,25/08/2024,0,0,0
1699,26/08/2024,0,0,0
1700,27/08/2024,0,0,0
1701,28/08/2024,0,0,0
1702,29/08/2024,0,0,0
1703,30/08/2024,0,0,0
1704,31/08/2024,0,0,0
1705,01/09/2024,0,0,0
1706,02/09/2024,142,0,142
1707,03/09/2024,30,0,30
1708,04/09/2024,50,0,50
1709,05/09/2024,20,0,20
1710,06/09/2024,60,0,60
1711,07/09/2024,504,0,504
1712,08/09/2024,0,0,0
1713,09/09/2024,20,0,20
1714,10/09/2024,12,0,12
1715,11/09/2024,25,0,25
1716,12/09/2024,22,0,22
1717,13/09/2024,53,0,53
1718,14/09/2024,40,0,40
1719,15/09/2024,41,0,41
1720,16/09/2024,26,0,26
1721,17/09/2024,36,0,36
1722,18/09/2024,21,0,21
1723,19/09/2024,20,0,20
1724,20/09/2024,27,0,27
1725,21/09/2024,28,0,28
1726,22/09/2024,23,0,23
1727,23/09/2024,26,0,26
1728,24/09/2024,29,0,29
1729,25/09/2024,19,0,19
1730,26/09/2024,29,0,29
1731,27/09/2024,31,0,31
1732,28/09/2024,43,0,43
1733,29/09/2024,36,0,36
1734,30/09/2024,31,0,31
1735,01/10/2024,0,3,-3
1736,02/10/2024,154,0,154
1737,03/10/2024,98,0,98
1738,04/10/2024,73,0,73
1739,05/10/2024,42,0,42
1740,06/10/2024,80,0,80
1741,07/10/2024,510,0,510
1742,08/10/2024,0,0,0
1743,09/10/2024,42,0,42
1744,10/10/2024,19,0,19
1745,11/10/2024,29,0,29
1746,12/10/2024,22,0,22
1747,13/10/2024,8,0,8
1748,14/10/2024,3,0,3
1749,15/10/2024,9,0,9
1750,16/10/2024,5,0,5
1751,17/10/2024,10,0,10
1752,18/10/2024,20,0,20
1753,19/10/2024,12,0,12
1754,20/10/2024,18,0,18
1755,21/10/2024,8,0,8
1756,22/10/2024,12,0,12
1757,23/10/2024,4,0,4
1758,24/10/2024,12,0,12
1759,25/10/2024,18,0,18
1760,26/10/2024,12,0,12
1761,27/10/2024,13,0,13
1762,28/10/2024,14,0,14
1763,29/10/2024,16,0,16
1764,30/10/2024,4,0,4
1765,31/10/2024,15,1,14
1766,01/11/2024,0,4,-4
1767,02/11/2024,132,0,132
1768,03/11/2024,226,0,226
1769,04/11/2024,85,0,85
1770,05/11/2024,46,0,46
1771,06/11/2024,74,0,74
1772,07/11/2024,482,0,482
1773,08/11/2024,0,0,0
1774,09/11/2024,32,0,32
1775,10/11/2024,0,0,0
1776,11/11/2024,32,0,32
1777,12/11/2024,10,0,10
1778,13/11/2024,31,0,31
1779,14/11/2024,34,0,34
1780,15/11/2024,26,0,26
1781,16/11/2024,46,0,46
1782,17/11/2024,90,0,90
1783,18/11/2024,78,1,77
1784,19/11/2024,71,1,70
1785,20/11/2024,81,1,80
1786,21/11/2024,86,0,86
1787,22/11/2024,52,0,52
1788,23/11/2024,65,0,65
1789,24/11/2024,160,1,159
1790,25/11/2024,156,0,156
1791,26/11/2024,138,0,138
1792,27/11/2024,135,0,135
1793,28/11/2024,137,0,137
1794,29/11/2024,96,0,96
1795,30/11/2024,100,0,100
1796,01/12/2024,0,4,-4
1797,02/12/2024,14,0,14
1798,03/12/2024,286,0,286
1799,04/12/2024,43,0,43
1800,05/12/2024,28,0,28
1801,06/12/2024,72,0,72
1802,07/12/2024,322,0,322
1803,08/12/2024,0,0,0
1804,09/12/2024,53,0,53
1805,10/12/2024,0,0,0
1806,11/12/2024,31,0,31
1807,12/12/2024,15,0,15
1808,13/12/2024,10,0,10
1809,14/12/2024,17,0,17
1810,15/12/2024,18,0,18
1811,16/12/2024,25,0,25
1812,17/12/2024,15,0,15
1813,18/12/2024,24,0,24
1814,19/12/2024,42,0,42
1815,20/12/2024,44,0,44
1816,21/12/2024,32,0,32
1817,22/12/2024,35,1,34
1818,23/12/2024,29,0,29
1819,24/12/2024,32,1,31
1820,25/12/2024,131,0,131
1821,26/12/2024,183,0,183
1822,27/12/2024,126,0,126
1823,28/12/2024,121,0,121
1824,29/12/2024,161,0,161
1825,30/12/2024,168,0,168
1826,31/12/2024,201,0,201
