,date,full_tax_count,soda_count,difference
0,2020-01-01,49,0.0,49.0
1,2020-01-02,21,0.0,21.0
2,2020-01-03,8,0.0,8.0
3,2020-01-04,13,16.0,-3.0
4,2020-01-05,112,7.0,105.0
5,2020-01-06,219,7.0,212.0
6,2020-01-07,11,3.0,8.0
7,2020-01-08,18,1.0,17.0
8,2020-01-09,42,1.0,41.0
9,2020-01-10,44,5.0,39.0
10,2020-01-11,15,9.0,6.0
11,2020-01-12,4,0.0,4.0
12,2020-01-13,12,0.0,12.0
13,2020-01-14,11,51.0,-40.0
14,2020-01-15,12,51.0,-39.0
15,2020-01-16,13,53.0,-40.0
16,2020-01-17,10,3.0,7.0
17,2020-01-18,12,0.0,12.0
18,2020-01-19,13,0.0,13.0
19,2020-01-20,13,1.0,12.0
20,2020-01-21,11,2.0,9.0
21,2020-01-22,11,1.0,10.0
22,2020-01-23,12,1.0,11.0
23,2020-01-24,10,1.0,9.0
24,2020-01-25,11,1.0,10.0
25,2020-01-26,11,1.0,10.0
26,2020-01-27,13,1.0,12.0
27,2020-01-28,10,1.0,9.0
28,2020-01-29,11,2.0,9.0
29,2020-01-30,13,0.0,13.0
30,2020-01-31,12,0.0,12.0
31,2020-02-01,23,0.0,23.0
32,2020-02-02,62,1.0,61.0
33,2020-02-03,12,0.0,12.0
34,2020-02-04,41,13.0,28.0
35,2020-02-05,110,17.0,93.0
36,2020-02-06,317,5.0,312.0
37,2020-02-07,2,3.0,-1.0
38,2020-02-08,13,1.0,12.0
39,2020-02-09,61,4.0,57.0
40,2020-02-10,34,5.0,29.0
41,2020-02-11,12,10.0,2.0
42,2020-02-12,18,0.0,18.0
43,2020-02-13,23,7.0,16.0
44,2020-02-14,10,32.0,-22.0
45,2020-02-15,4,41.0,-37.0
46,2020-02-16,15,72.0,-57.0
47,2020-02-17,30,0.0,30.0
48,2020-02-18,12,0.0,12.0
49,2020-02-19,21,0.0,21.0
50,2020-02-20,10,0.0,10.0
51,2020-02-21,5,0.0,5.0
52,2020-02-22,3,0.0,3.0
53,2020-02-23,6,0.0,6.0
54,2020-02-24,5,0.0,5.0
55,2020-02-25,4,0.0,4.0
56,2020-02-26,7,0.0,7.0
57,2020-02-27,10,0.0,10.0
58,2020-02-28,7,0.0,7.0
59,2020-02-29,3,0.0,3.0
60,2020-03-01,10,0.0,10.0
61,2020-03-02,70,0.0,70.0
62,2020-03-03,37,0.0,37.0
63,2020-03-04,77,0.0,77.0
64,2020-03-05,107,9.0,98.0
65,2020-03-06,371,3.0,368.0
66,2020-03-07,2,2.0,0.0
67,2020-03-08,0,1.0,-1.0
68,2020-03-09,52,4.0,48.0
69,2020-03-10,18,0.0,18.0
70,2020-03-11,10,11.0,-1.0
71,2020-03-12,38,13.0,25.0
72,2020-03-13,26,0.0,26.0
73,2020-03-14,6,0.0,6.0
74,2020-03-15,28,0.0,28.0
75,2020-03-16,29,0.0,29.0
76,2020-03-17,29,5.0,24.0
77,2020-03-18,29,17.0,12.0
78,2020-03-19,28,35.0,-7.0
79,2020-03-20,2,11.0,-9.0
80,2020-03-21,3,11.0,-8.0
81,2020-03-22,1,18.0,-17.0
82,2020-03-23,2,20.0,-18.0
83,2020-03-24,2,19.0,-17.0
84,2020-03-25,2,19.0,-17.0
85,2020-03-26,2,33.0,-31.0
86,2020-03-27,2,6.0,-4.0
87,2020-03-28,3,1.0,2.0
88,2020-03-29,2,30.0,-28.0
89,2020-03-30,1,36.0,-35.0
90,2020-03-31,1,23.0,-22.0
91,2020-04-01,11,0.0,11.0
92,2020-04-02,79,0.0,79.0
93,2020-04-03,68,0.0,68.0
94,2020-04-04,80,29.0,51.0
95,2020-04-05,96,14.0,82.0
96,2020-04-06,305,4.0,301.0
97,2020-04-07,4,4.0,0.0
98,2020-04-08,4,1.0,3.0
99,2020-04-09,52,5.0,47.0
100,2020-04-10,12,5.0,7.0
101,2020-04-11,17,11.0,6.0
102,2020-04-12,46,0.0,46.0
103,2020-04-13,68,3.0,65.0
104,2020-04-14,67,4.0,63.0
105,2020-04-15,6,0.0,6.0
106,2020-04-16,2,0.0,2.0
107,2020-04-17,39,0.0,39.0
108,2020-04-18,36,9.0,27.0
109,2020-04-19,36,28.0,8.0
110,2020-04-20,37,16.0,21.0
111,2020-04-21,1,10.0,-9.0
112,2020-04-22,38,27.0,11.0
113,2020-04-23,39,38.0,1.0
114,2020-04-24,99,46.0,53.0
115,2020-04-25,128,40.0,88.0
116,2020-04-26,117,36.0,81.0
117,2020-04-27,98,13.0,85.0
118,2020-04-28,73,7.0,66.0
119,2020-04-29,141,12.0,129.0
120,2020-04-30,126,7.0,119.0
121,2020-05-01,12,0.0,12.0
122,2020-05-02,54,0.0,54.0
123,2020-05-03,61,0.0,61.0
124,2020-05-04,52,9.0,43.0
125,2020-05-05,104,19.0,85.0
126,2020-05-06,131,4.0,127.0
127,2020-05-07,5,5.0,0.0
128,2020-05-08,0,2.0,-2.0
129,2020-05-09,35,6.0,29.0
130,2020-05-10,21,5.0,16.0
131,2020-05-11,10,11.0,-1.0
132,2020-05-12,47,0.0,47.0
133,2020-05-13,93,9.0,84.0
134,2020-05-14,95,8.0,87.0
135,2020-05-15,77,10.0,67.0
136,2020-05-16,59,10.0,49.0
137,2020-05-17,59,10.0,49.0
138,2020-05-18,59,9.0,50.0
139,2020-05-19,57,11.0,46.0
140,2020-05-20,58,19.0,39.0
141,2020-05-21,55,21.0,34.0
142,2020-05-22,90,12.0,78.0
143,2020-05-23,61,17.0,44.0
144,2020-05-24,79,17.0,62.0
145,2020-05-25,24,21.0,3.0
146,2020-05-26,22,16.0,6.0
147,2020-05-27,92,13.0,79.0
148,2020-05-28,120,10.0,110.0
149,2020-05-29,109,8.0,101.0
150,2020-05-30,103,6.0,97.0
151,2020-05-31,186,7.0,179.0
152,2020-06-01,11,0.0,11.0
153,2020-06-02,74,0.0,74.0
154,2020-06-03,93,0.0,93.0
155,2020-06-04,70,8.0,62.0
156,2020-06-05,116,29.0,87.0
157,2020-06-06,47,5.0,42.0
158,2020-06-07,3,0.0,3.0
159,2020-06-08,4,3.0,1.0
160,2020-06-09,61,7.0,54.0
161,2020-06-10,38,5.0,33.0
162,2020-06-11,2,0.0,2.0
163,2020-06-12,84,5.0,79.0
164,2020-06-13,45,4.0,41.0
165,2020-06-14,48,4.0,44.0
166,2020-06-15,47,10.0,37.0
167,2020-06-16,39,17.0,22.0
168,2020-06-17,21,23.0,-2.0
169,2020-06-18,33,1.0,32.0
170,2020-06-19,18,0.0,18.0
171,2020-06-20,20,2.0,18.0
172,2020-06-21,19,0.0,19.0
173,2020-06-22,27,6.0,21.0
174,2020-06-23,16,20.0,-4.0
175,2020-06-24,13,6.0,7.0
176,2020-06-25,25,12.0,13.0
177,2020-06-26,22,10.0,12.0
178,2020-06-27,18,2.0,16.0
179,2020-06-28,30,0.0,30.0
180,2020-06-29,32,1.0,31.0
181,2020-06-30,30,1.0,29.0
182,2020-07-01,11,0.0,11.0
183,2020-07-02,54,0.0,54.0
184,2020-07-03,46,0.0,46.0
185,2020-07-04,53,5.0,48.0
186,2020-07-05,98,25.0,73.0
187,2020-07-06,64,4.0,60.0
188,2020-07-07,2,0.0,2.0
189,2020-07-08,3,2.0,1.0
190,2020-07-09,59,14.0,45.0
191,2020-07-10,41,5.0,36.0
192,2020-07-11,7,10.0,-3.0
193,2020-07-12,52,10.0,42.0
194,2020-07-13,39,0.0,39.0
195,2020-07-14,48,0.0,48.0
196,2020-07-15,45,0.0,45.0
197,2020-07-16,43,0.0,43.0
198,2020-07-17,35,1.0,34.0
199,2020-07-18,38,1.0,37.0
200,2020-07-19,28,3.0,25.0
201,2020-07-20,13,4.0,9.0
202,2020-07-21,18,11.0,7.0
203,2020-07-22,11,9.0,2.0
204,2020-07-23,26,10.0,16.0
205,2020-07-24,39,1.0,38.0
206,2020-07-25,38,1.0,37.0
207,2020-07-26,46,1.0,45.0
208,2020-07-27,13,10.0,3.0
209,2020-07-28,16,10.0,6.0
210,2020-07-29,13,11.0,2.0
211,2020-07-30,11,1.0,10.0
212,2020-07-31,16,1.0,15.0
213,2020-08-01,11,0.0,11.0
214,2020-08-02,48,0.0,48.0
215,2020-08-03,102,0.0,102.0
216,2020-08-04,127,0.0,127.0
217,2020-08-05,93,23.0,70.0
218,2020-08-06,46,5.0,41.0
219,2020-08-07,5,0.0,5.0
220,2020-08-08,2,1.0,1.0
221,2020-08-09,102,14.0,88.0
222,2020-08-10,17,5.0,12.0
223,2020-08-11,11,9.0,2.0
224,2020-08-12,58,8.0,50.0
225,2020-08-13,50,1.0,49.0
226,2020-08-14,52,1.0,51.0
227,2020-08-15,30,1.0,29.0
228,2020-08-16,51,2.0,49.0
229,2020-08-17,60,6.0,54.0
230,2020-08-18,62,10.0,52.0
231,2020-08-19,58,13.0,45.0
232,2020-08-20,58,13.0,45.0
233,2020-08-21,50,4.0,46.0
234,2020-08-22,68,3.0,65.0
235,2020-08-23,8,5.0,3.0
236,2020-08-24,5,11.0,-6.0
237,2020-08-25,7,14.0,-7.0
238,2020-08-26,3,14.0,-11.0
239,2020-08-27,3,10.0,-7.0
240,2020-08-28,3,2.0,1.0
241,2020-08-29,4,6.0,-2.0
242,2020-08-30,5,8.0,-3.0
243,2020-08-31,5,1.0,4.0
244,2020-09-01,13,0.0,13.0
245,2020-09-02,58,18.0,40.0
246,2020-09-03,145,0.0,145.0
247,2020-09-04,122,1.0,121.0
248,2020-09-05,91,24.0,67.0
249,2020-09-06,49,5.0,44.0
250,2020-09-07,1,0.0,1.0
251,2020-09-08,1,1.0,0.0
252,2020-09-09,100,18.0,82.0
253,2020-09-10,32,5.0,27.0
254,2020-09-11,10,9.0,1.0
255,2020-09-12,59,6.0,53.0
256,2020-09-13,46,13.0,33.0
257,2020-09-14,49,17.0,32.0
258,2020-09-15,50,13.0,37.0
259,2020-09-16,26,21.0,5.0
260,2020-09-17,26,15.0,11.0
261,2020-09-18,24,10.0,14.0
262,2020-09-19,10,6.0,4.0
263,2020-09-20,18,5.0,13.0
264,2020-09-21,27,5.0,22.0
265,2020-09-22,37,6.0,31.0
266,2020-09-23,44,7.0,37.0
267,2020-09-24,53,10.0,43.0
268,2020-09-25,52,0.0,52.0
269,2020-09-26,32,7.0,25.0
270,2020-09-27,32,6.0,26.0
271,2020-09-28,19,4.0,15.0
272,2020-09-29,49,5.0,44.0
273,2020-09-30,45,0.0,45.0
274,2020-10-01,10,0.0,10.0
275,2020-10-02,25,17.0,8.0
276,2020-10-03,133,0.0,133.0
277,2020-10-04,126,0.0,126.0
278,2020-10-05,95,16.0,79.0
279,2020-10-06,50,6.0,44.0
280,2020-10-07,3,0.0,3.0
281,2020-10-08,27,3.0,24.0
282,2020-10-09,63,17.0,46.0
283,2020-10-10,22,5.0,17.0
284,2020-10-11,3,10.0,-7.0
285,2020-10-12,63,7.0,56.0
286,2020-10-13,19,4.0,15.0
287,2020-10-14,24,6.0,18.0
288,2020-10-15,14,4.0,10.0
289,2020-10-16,15,4.0,11.0
290,2020-10-17,18,0.0,18.0
291,2020-10-18,26,0.0,26.0
292,2020-10-19,20,4.0,16.0
293,2020-10-20,27,4.0,23.0
294,2020-10-21,23,6.0,17.0
295,2020-10-22,15,0.0,15.0
296,2020-10-23,5,8.0,-3.0
297,2020-10-24,11,8.0,3.0
298,2020-10-25,19,8.0,11.0
299,2020-10-26,12,9.0,3.0
300,2020-10-27,15,9.0,6.0
301,2020-10-28,17,10.0,7.0
302,2020-10-29,10,0.0,10.0
303,2020-10-30,7,11.0,-4.0
304,2020-10-31,11,9.0,2.0
305,2020-11-01,11,0.0,11.0
306,2020-11-02,19,11.0,8.0
307,2020-11-03,124,0.0,124.0
308,2020-11-04,108,0.0,108.0
309,2020-11-05,104,9.0,95.0
310,2020-11-06,54,4.0,50.0
311,2020-11-07,18,0.0,18.0
312,2020-11-08,51,2.0,49.0
313,2020-11-09,66,15.0,51.0
314,2020-11-10,15,0.0,15.0
315,2020-11-11,5,1.0,4.0
316,2020-11-12,46,7.0,39.0
317,2020-11-13,12,29.0,-17.0
318,2020-11-14,7,14.0,-7.0
319,2020-11-15,6,14.0,-8.0
320,2020-11-16,7,74.0,-67.0
321,2020-11-17,5,112.0,-107.0
322,2020-11-18,7,74.0,-67.0
323,2020-11-19,6,93.0,-87.0
324,2020-11-20,2,78.0,-76.0
325,2020-11-21,5,55.0,-50.0
326,2020-11-22,3,69.0,-66.0
327,2020-11-23,4,49.0,-45.0
328,2020-11-24,4,34.0,-30.0
329,2020-11-25,9,8.0,1.0
330,2020-11-26,4,10.0,-6.0
331,2020-11-27,6,7.0,-1.0
332,2020-11-28,5,8.0,-3.0
333,2020-11-29,5,3.0,2.0
334,2020-11-30,1,0.0,1.0
335,2020-12-01,11,0.0,11.0
336,2020-12-02,20,8.0,12.0
337,2020-12-03,159,0.0,159.0
338,2020-12-04,86,0.0,86.0
339,2020-12-05,99,8.0,91.0
340,2020-12-06,43,4.0,39.0
341,2020-12-07,41,1.0,40.0
342,2020-12-08,45,1.0,44.0
343,2020-12-09,66,12.0,54.0
344,2020-12-10,13,4.0,9.0
345,2020-12-11,17,37.0,-20.0
346,2020-12-12,48,24.0,24.0
347,2020-12-13,80,11.0,69.0
348,2020-12-14,30,23.0,7.0
349,2020-12-15,36,13.0,23.0
350,2020-12-16,33,11.0,22.0
351,2020-12-17,20,31.0,-11.0
352,2020-12-18,8,3.0,5.0
353,2020-12-19,12,0.0,12.0
354,2020-12-20,134,0.0,134.0
355,2020-12-21,147,16.0,131.0
356,2020-12-22,254,0.0,254.0
357,2020-12-23,235,0.0,235.0
358,2020-12-24,122,0.0,122.0
359,2020-12-25,132,0.0,132.0
360,2020-12-26,169,14.0,155.0
361,2020-12-27,307,0.0,307.0
362,2020-12-28,211,0.0,211.0
363,2020-12-29,101,0.0,101.0
364,2020-12-30,110,0.0,110.0
365,2020-12-31,142,12.0,130.0
366,2021-01-01,109,0.0,109.0
367,2021-01-02,4,12.0,-8.0
368,2021-01-03,6,0.0,6.0
369,2021-01-04,26,126.0,-100.0
370,2021-01-05,86,10.0,76.0
371,2021-01-06,788,26.0,762.0
372,2021-01-07,45,0.0,45.0
373,2021-01-08,61,0.0,61.0
374,2021-01-09,98,40.0,58.0
375,2021-01-10,24,20.0,4.0
376,2021-01-11,18,14.0,4.0
377,2021-01-12,43,10.0,33.0
378,2021-01-13,110,8.0,102.0
379,2021-01-14,84,7.0,77.0
380,2021-01-15,74,1.0,73.0
381,2021-01-16,73,12.0,61.0
382,2021-01-17,61,0.0,61.0
383,2021-01-18,73,9.0,64.0
384,2021-01-19,98,7.0,91.0
385,2021-01-20,44,11.0,33.0
386,2021-01-21,108,23.0,85.0
387,2021-01-22,88,1.0,87.0
388,2021-01-23,73,1.0,72.0
389,2021-01-24,101,0.0,101.0
390,2021-01-25,147,0.0,147.0
391,2021-01-26,144,13.0,131.0
392,2021-01-27,214,0.0,214.0
393,2021-01-28,134,0.0,134.0
394,2021-01-29,4,0.0,4.0
395,2021-01-30,6,0.0,6.0
396,2021-01-31,3,0.0,3.0
397,2021-02-01,36,0.0,36.0
398,2021-02-02,14,0.0,14.0
399,2021-02-03,15,1.0,14.0
400,2021-02-04,27,124.0,-97.0
401,2021-02-05,76,20.0,56.0
402,2021-02-06,842,46.0,796.0
403,2021-02-07,63,15.0,48.0
404,2021-02-08,83,0.0,83.0
405,2021-02-09,98,40.0,58.0
406,2021-02-10,14,18.0,-4.0
407,2021-02-11,7,13.0,-6.0
408,2021-02-12,45,11.0,34.0
409,2021-02-13,8,0.0,8.0
410,2021-02-14,33,14.0,19.0
411,2021-02-15,36,0.0,36.0
412,2021-02-16,37,0.0,37.0
413,2021-02-17,40,14.0,26.0
414,2021-02-18,37,0.0,37.0
415,2021-02-19,15,0.0,15.0
416,2021-02-20,8,15.0,-7.0
417,2021-02-21,33,0.0,33.0
418,2021-02-22,34,0.0,34.0
419,2021-02-23,35,14.0,21.0
420,2021-02-24,34,1.0,33.0
421,2021-02-25,30,1.0,29.0
422,2021-02-26,7,15.0,-8.0
423,2021-02-27,7,0.0,7.0
424,2021-02-28,15,17.0,-2.0
425,2021-03-01,72,0.0,72.0
426,2021-03-02,15,0.0,15.0
427,2021-03-03,20,11.0,9.0
428,2021-03-04,27,119.0,-92.0
429,2021-03-05,88,23.0,65.0
430,2021-03-06,846,38.0,808.0
431,2021-03-07,103,15.0,88.0
432,2021-03-08,63,0.0,63.0
433,2021-03-09,68,32.0,36.0
434,2021-03-10,11,0.0,11.0
435,2021-03-11,19,15.0,4.0
436,2021-03-12,30,11.0,19.0
437,2021-03-13,43,11.0,32.0
438,2021-03-14,60,22.0,38.0
439,2021-03-15,71,20.0,51.0
440,2021-03-16,64,15.0,49.0
441,2021-03-17,66,19.0,47.0
442,2021-03-18,54,10.0,44.0
443,2021-03-19,35,21.0,14.0
444,2021-03-20,12,7.0,5.0
445,2021-03-21,27,26.0,1.0
446,2021-03-22,19,18.0,1.0
447,2021-03-23,18,29.0,-11.0
448,2021-03-24,18,124.0,-106.0
449,2021-03-25,1,96.0,-95.0
450,2021-03-26,55,121.0,-66.0
451,2021-03-27,45,105.0,-60.0
452,2021-03-28,53,120.0,-67.0
453,2021-03-29,30,109.0,-79.0
454,2021-03-30,24,129.0,-105.0
455,2021-03-31,25,106.0,-81.0
456,2021-04-01,96,0.0,96.0
457,2021-04-02,15,0.0,15.0
458,2021-04-03,49,0.0,49.0
459,2021-04-04,35,102.0,-67.0
460,2021-04-05,85,37.0,48.0
461,2021-04-06,648,10.0,638.0
462,2021-04-07,114,14.0,100.0
463,2021-04-08,57,0.0,57.0
464,2021-04-09,50,32.0,18.0
465,2021-04-10,20,0.0,20.0
466,2021-04-11,18,15.0,3.0
467,2021-04-12,25,10.0,15.0
468,2021-04-13,70,9.0,61.0
469,2021-04-14,59,17.0,42.0
470,2021-04-15,79,20.0,59.0
471,2021-04-16,74,21.0,53.0
472,2021-04-17,73,6.0,67.0
473,2021-04-18,93,16.0,77.0
474,2021-04-19,125,4.0,121.0
475,2021-04-20,135,11.0,124.0
476,2021-04-21,130,1.0,129.0
477,2021-04-22,134,13.0,121.0
478,2021-04-23,159,0.0,159.0
479,2021-04-24,132,13.0,119.0
480,2021-04-25,125,8.0,117.0
481,2021-04-26,108,19.0,89.0
482,2021-04-27,98,17.0,81.0
483,2021-04-28,96,35.0,61.0
484,2021-04-29,102,18.0,84.0
485,2021-04-30,101,15.0,86.0
486,2021-05-01,86,0.0,86.0
487,2021-05-02,8,0.0,8.0
488,2021-05-03,23,1.0,22.0
489,2021-05-04,93,109.0,-16.0
490,2021-05-05,79,24.0,55.0
491,2021-05-06,610,42.0,568.0
492,2021-05-07,106,14.0,92.0
493,2021-05-08,73,0.0,73.0
494,2021-05-09,72,40.0,32.0
495,2021-05-10,20,21.0,-1.0
496,2021-05-11,18,13.0,5.0
497,2021-05-12,24,0.0,24.0
498,2021-05-13,77,4.0,73.0
499,2021-05-14,19,21.0,-2.0
500,2021-05-15,24,20.0,4.0
501,2021-05-16,7,20.0,-13.0
502,2021-05-17,5,19.0,-14.0
503,2021-05-18,20,10.0,10.0
504,2021-05-19,43,2.0,41.0
505,2021-05-20,22,24.0,-2.0
506,2021-05-21,27,27.0,0.0
507,2021-05-22,22,28.0,-6.0
508,2021-05-23,39,28.0,11.0
509,2021-05-24,57,3.0,54.0
510,2021-05-25,62,21.0,41.0
511,2021-05-26,109,21.0,88.0
512,2021-05-27,174,21.0,153.0
513,2021-05-28,152,22.0,130.0
514,2021-05-29,83,5.0,78.0
515,2021-05-30,201,21.0,180.0
516,2021-05-31,306,19.0,287.0
517,2021-06-01,92,11.0,81.0
518,2021-06-02,8,16.0,-8.0
519,2021-06-03,11,12.0,-1.0
520,2021-06-04,94,133.0,-39.0
521,2021-06-05,78,42.0,36.0
522,2021-06-06,612,52.0,560.0
523,2021-06-07,124,17.0,107.0
524,2021-06-08,37,0.0,37.0
525,2021-06-09,58,44.0,14.0
526,2021-06-10,20,22.0,-2.0
527,2021-06-11,10,13.0,-3.0
528,2021-06-12,33,6.0,27.0
529,2021-06-13,260,26.0,234.0
530,2021-06-14,236,42.0,194.0
531,2021-06-15,254,44.0,210.0
532,2021-06-16,220,46.0,174.0
533,2021-06-17,234,56.0,178.0
534,2021-06-18,238,48.0,190.0
535,2021-06-19,234,32.0,202.0
536,2021-06-20,248,36.0,212.0
537,2021-06-21,300,46.0,254.0
538,2021-06-22,242,50.0,192.0
539,2021-06-23,306,0.0,306.0
540,2021-06-24,224,0.0,224.0
541,2021-06-25,204,0.0,204.0
542,2021-06-26,168,36.0,132.0
543,2021-06-27,140,36.0,104.0
544,2021-06-28,108,0.0,108.0
545,2021-06-29,112,28.0,84.0
546,2021-06-30,140,30.0,110.0
547,2021-07-01,38,0.0,38.0
548,2021-07-02,17,0.0,17.0
549,2021-07-03,24,0.0,24.0
550,2021-07-04,104,74.0,30.0
551,2021-07-05,54,27.0,27.0
552,2021-07-06,340,32.0,308.0
553,2021-07-07,113,23.0,90.0
554,2021-07-08,29,0.0,29.0
555,2021-07-09,58,44.0,14.0
556,2021-07-10,19,22.0,-3.0
557,2021-07-11,5,6.0,-1.0
558,2021-07-12,42,5.0,37.0
559,2021-07-13,138,8.0,130.0
560,2021-07-14,124,22.0,102.0
561,2021-07-15,105,11.0,94.0
562,2021-07-16,47,21.0,26.0
563,2021-07-17,95,21.0,74.0
564,2021-07-18,82,20.0,62.0
565,2021-07-19,157,21.0,136.0
566,2021-07-20,159,6.0,153.0
567,2021-07-21,118,22.0,96.0
568,2021-07-22,109,17.0,92.0
569,2021-07-23,76,0.0,76.0
570,2021-07-24,65,0.0,65.0
571,2021-07-25,69,0.0,69.0
572,2021-07-26,94,0.0,94.0
573,2021-07-27,134,0.0,134.0
574,2021-07-28,112,0.0,112.0
575,2021-07-29,75,0.0,75.0
576,2021-07-30,38,0.0,38.0
577,2021-07-31,20,0.0,20.0
578,2021-08-01,36,0.0,36.0
579,2021-08-02,15,0.0,15.0
580,2021-08-03,34,10.0,24.0
581,2021-08-04,68,13.0,55.0
582,2021-08-05,57,7.0,50.0
583,2021-08-06,294,40.0,254.0
584,2021-08-07,122,23.0,99.0
585,2021-08-08,57,0.0,57.0
586,2021-08-09,56,44.0,12.0
587,2021-08-10,24,21.0,3.0
588,2021-08-11,16,11.0,5.0
589,2021-08-12,43,7.0,36.0
590,2021-08-13,40,17.0,23.0
591,2021-08-14,22,0.0,22.0
592,2021-08-15,39,0.0,39.0
593,2021-08-16,25,17.0,8.0
594,2021-08-17,27,18.0,9.0
595,2021-08-18,46,18.0,28.0
596,2021-08-19,32,17.0,15.0
597,2021-08-20,15,18.0,-3.0
598,2021-08-21,19,18.0,1.0
599,2021-08-22,31,18.0,13.0
600,2021-08-23,20,0.0,20.0
601,2021-08-24,38,0.0,38.0
602,2021-08-25,46,0.0,46.0
603,2021-08-26,51,0.0,51.0
604,2021-08-27,14,1.0,13.0
605,2021-08-28,12,0.0,12.0
606,2021-08-29,50,1.0,49.0
607,2021-08-30,70,0.0,70.0
608,2021-08-31,59,16.0,43.0
609,2021-09-01,38,0.0,38.0
610,2021-09-02,17,0.0,17.0
611,2021-09-03,28,4.0,24.0
612,2021-09-04,134,6.0,128.0
613,2021-09-05,65,23.0,42.0
614,2021-09-06,262,80.0,182.0
615,2021-09-07,140,6.0,134.0
616,2021-09-08,34,0.0,34.0
617,2021-09-09,88,42.0,46.0
618,2021-09-10,19,0.0,19.0
619,2021-09-11,10,10.0,0.0
620,2021-09-12,44,8.0,36.0
621,2021-09-13,78,36.0,42.0
622,2021-09-14,80,42.0,38.0
623,2021-09-15,24,0.0,24.0
624,2021-09-16,24,0.0,24.0
625,2021-09-17,22,0.0,22.0
626,2021-09-18,22,0.0,22.0
627,2021-09-19,32,0.0,32.0
628,2021-09-20,30,2.0,28.0
629,2021-09-21,26,10.0,16.0
630,2021-09-22,18,0.0,18.0
631,2021-09-23,40,42.0,-2.0
632,2021-09-24,34,38.0,-4.0
633,2021-09-25,34,40.0,-6.0
634,2021-09-26,48,16.0,32.0
635,2021-09-27,68,44.0,24.0
636,2021-09-28,62,46.0,16.0
637,2021-09-29,60,40.0,20.0
638,2021-09-30,48,14.0,34.0
639,2021-10-01,102,0.0,102.0
640,2021-10-02,15,0.0,15.0
641,2021-10-03,33,6.0,27.0
642,2021-10-04,135,17.0,118.0
643,2021-10-05,76,10.0,66.0
644,2021-10-06,252,52.0,200.0
645,2021-10-07,143,18.0,125.0
646,2021-10-08,47,0.0,47.0
647,2021-10-09,58,42.0,16.0
648,2021-10-10,20,22.0,-2.0
649,2021-10-11,10,8.0,2.0
650,2021-10-12,28,7.0,21.0
651,2021-10-13,27,25.0,2.0
652,2021-10-14,26,14.0,12.0
653,2021-10-15,21,25.0,-4.0
654,2021-10-16,24,25.0,-1.0
655,2021-10-17,11,22.0,-11.0
656,2021-10-18,12,25.0,-13.0
657,2021-10-19,25,0.0,25.0
658,2021-10-20,23,25.0,-2.0
659,2021-10-21,15,25.0,-10.0
660,2021-10-22,21,25.0,-4.0
661,2021-10-23,21,25.0,-4.0
662,2021-10-24,24,26.0,-2.0
663,2021-10-25,24,24.0,0.0
664,2021-10-26,25,24.0,1.0
665,2021-10-27,16,24.0,-8.0
666,2021-10-28,25,12.0,13.0
667,2021-10-29,11,19.0,-8.0
668,2021-10-30,23,14.0,9.0
669,2021-10-31,13,21.0,-8.0
670,2021-11-01,166,9.0,157.0
671,2021-11-02,23,0.0,23.0
672,2021-11-03,53,18.0,35.0
673,2021-11-04,133,14.0,119.0
674,2021-11-05,76,34.0,42.0
675,2021-11-06,252,54.0,198.0
676,2021-11-07,130,23.0,107.0
677,2021-11-08,36,0.0,36.0
678,2021-11-09,62,42.0,20.0
679,2021-11-10,10,22.0,-12.0
680,2021-11-11,10,8.0,2.0
681,2021-11-12,22,7.0,15.0
682,2021-11-13,12,8.0,4.0
683,2021-11-14,13,5.0,8.0
684,2021-11-15,30,11.0,19.0
685,2021-11-16,27,12.0,15.0
686,2021-11-17,33,12.0,21.0
687,2021-11-18,21,0.0,21.0
688,2021-11-19,24,0.0,24.0
689,2021-11-20,27,1.0,26.0
690,2021-11-21,40,0.0,40.0
691,2021-11-22,31,0.0,31.0
692,2021-11-23,38,14.0,24.0
693,2021-11-24,45,14.0,31.0
694,2021-11-25,35,17.0,18.0
695,2021-11-26,18,16.0,2.0
696,2021-11-27,20,16.0,4.0
697,2021-11-28,37,16.0,21.0
698,2021-11-29,37,19.0,18.0
699,2021-11-30,32,5.0,27.0
700,2021-12-01,144,5.0,139.0
701,2021-12-02,9,0.0,9.0
702,2021-12-03,55,24.0,31.0
703,2021-12-04,126,36.0,90.0
704,2021-12-05,79,25.0,54.0
705,2021-12-06,260,40.0,220.0
706,2021-12-07,147,21.0,126.0
707,2021-12-08,40,0.0,40.0
708,2021-12-09,140,42.0,98.0
709,2021-12-10,18,13.0,5.0
710,2021-12-11,9,8.0,1.0
711,2021-12-12,41,7.0,34.0
712,2021-12-13,47,9.0,38.0
713,2021-12-14,47,9.0,38.0
714,2021-12-15,27,8.0,19.0
715,2021-12-16,52,8.0,44.0
716,2021-12-17,55,8.0,47.0
717,2021-12-18,49,8.0,41.0
718,2021-12-19,53,9.0,44.0
719,2021-12-20,54,14.0,40.0
720,2021-12-21,53,13.0,40.0
721,2021-12-22,88,14.0,74.0
722,2021-12-23,139,15.0,124.0
723,2021-12-24,117,23.0,94.0
724,2021-12-25,120,22.0,98.0
725,2021-12-26,157,18.0,139.0
726,2021-12-27,144,18.0,126.0
727,2021-12-28,119,19.0,100.0
728,2021-12-29,110,20.0,90.0
729,2021-12-30,99,14.0,85.0
730,2021-12-31,83,15.0,68.0
731,2022-01-01,57,16.0,41.0
732,2022-01-02,78,1.0,77.0
733,2022-01-03,9,10.0,-1.0
734,2022-01-04,41,0.0,41.0
735,2022-01-05,117,0.0,117.0
736,2022-01-06,38,2.0,36.0
737,2022-01-07,37,22.0,15.0
738,2022-01-08,1,8.0,-7.0
739,2022-01-09,10,0.0,10.0
740,2022-01-10,17,9.0,8.0
741,2022-01-11,35,6.0,29.0
742,2022-01-12,101,11.0,90.0
743,2022-01-13,53,5.0,48.0
744,2022-01-14,51,12.0,39.0
745,2022-01-15,49,12.0,37.0
746,2022-01-16,46,1.0,45.0
747,2022-01-17,28,11.0,17.0
748,2022-01-18,19,13.0,6.0
749,2022-01-19,24,11.0,13.0
750,2022-01-20,20,11.0,9.0
751,2022-01-21,8,12.0,-4.0
752,2022-01-22,10,0.0,10.0
753,2022-01-23,22,1.0,21.0
754,2022-01-24,24,0.0,24.0
755,2022-01-25,70,11.0,59.0
756,2022-01-26,80,11.0,69.0
757,2022-01-27,79,11.0,68.0
758,2022-01-28,73,0.0,73.0
759,2022-01-29,84,0.0,84.0
760,2022-01-30,80,12.0,68.0
761,2022-01-31,85,12.0,73.0
762,2022-02-01,26,2.0,24.0
763,2022-02-02,72,0.0,72.0
764,2022-02-03,26,7.0,19.0
765,2022-02-04,40,0.0,40.0
766,2022-02-05,129,0.0,129.0
767,2022-02-06,46,16.0,30.0
768,2022-02-07,28,22.0,6.0
769,2022-02-08,1,18.0,-17.0
770,2022-02-09,15,10.0,5.0
771,2022-02-10,19,12.0,7.0
772,2022-02-11,40,4.0,36.0
773,2022-02-12,97,9.0,88.0
774,2022-02-13,28,16.0,12.0
775,2022-02-14,22,19.0,3.0
776,2022-02-15,30,18.0,12.0
777,2022-02-16,44,17.0,27.0
778,2022-02-17,41,18.0,23.0
779,2022-02-18,42,10.0,32.0
780,2022-02-19,17,9.0,8.0
781,2022-02-20,13,18.0,-5.0
782,2022-02-21,12,12.0,0.0
783,2022-02-22,11,9.0,2.0
784,2022-02-23,15,10.0,5.0
785,2022-02-24,12,0.0,12.0
786,2022-02-25,18,0.0,18.0
787,2022-02-26,13,9.0,4.0
788,2022-02-27,15,9.0,6.0
789,2022-02-28,13,8.0,5.0
790,2022-03-01,23,1.0,22.0
791,2022-03-02,73,0.0,73.0
792,2022-03-03,18,13.0,5.0
793,2022-03-04,52,0.0,52.0
794,2022-03-05,78,10.0,68.0
795,2022-03-06,54,1.0,53.0
796,2022-03-07,23,25.0,-2.0
797,2022-03-08,1,15.0,-14.0
798,2022-03-09,8,0.0,8.0
799,2022-03-10,20,13.0,7.0
800,2022-03-11,47,1.0,46.0
801,2022-03-12,74,9.0,65.0
802,2022-03-13,104,12.0,92.0
803,2022-03-14,95,12.0,83.0
804,2022-03-15,110,0.0,110.0
805,2022-03-16,83,13.0,70.0
806,2022-03-17,90,9.0,81.0
807,2022-03-18,80,10.0,70.0
808,2022-03-19,62,10.0,52.0
809,2022-03-20,37,10.0,27.0
810,2022-03-21,79,0.0,79.0
811,2022-03-22,78,13.0,65.0
812,2022-03-23,59,12.0,47.0
813,2022-03-24,68,12.0,56.0
814,2022-03-25,69,0.0,69.0
815,2022-03-26,68,12.0,56.0
816,2022-03-27,72,0.0,72.0
817,2022-03-28,65,12.0,53.0
818,2022-03-29,55,12.0,43.0
819,2022-03-30,53,0.0,53.0
820,2022-03-31,53,0.0,53.0
821,2022-04-01,40,19.0,21.0
822,2022-04-02,73,0.0,73.0
823,2022-04-03,21,3.0,18.0
824,2022-04-04,64,0.0,64.0
825,2022-04-05,39,10.0,29.0
826,2022-04-06,29,18.0,11.0
827,2022-04-07,27,18.0,9.0
828,2022-04-08,5,15.0,-10.0
829,2022-04-09,16,10.0,6.0
830,2022-04-10,19,11.0,8.0
831,2022-04-11,32,0.0,32.0
832,2022-04-12,97,9.0,88.0
833,2022-04-13,123,11.0,112.0
834,2022-04-14,131,11.0,120.0
835,2022-04-15,117,11.0,106.0
836,2022-04-16,108,0.0,108.0
837,2022-04-17,111,11.0,100.0
838,2022-04-18,110,11.0,99.0
839,2022-04-19,65,0.0,65.0
840,2022-04-20,77,0.0,77.0
841,2022-04-21,89,11.0,78.0
842,2022-04-22,68,14.0,54.0
843,2022-04-23,50,14.0,36.0
844,2022-04-24,37,11.0,26.0
845,2022-04-25,54,11.0,43.0
846,2022-04-26,44,0.0,44.0
847,2022-04-27,24,11.0,13.0
848,2022-04-28,16,11.0,5.0
849,2022-04-29,97,11.0,86.0
850,2022-04-30,70,11.0,59.0
851,2022-05-01,73,21.0,52.0
852,2022-05-02,85,0.0,85.0
853,2022-05-03,11,3.0,8.0
854,2022-05-04,88,15.0,73.0
855,2022-05-05,168,11.0,157.0
856,2022-05-06,19,18.0,1.0
857,2022-05-07,30,17.0,13.0
858,2022-05-08,8,17.0,-9.0
859,2022-05-09,16,4.0,12.0
860,2022-05-10,16,12.0,4.0
861,2022-05-11,45,7.0,38.0
862,2022-05-12,104,10.0,94.0
863,2022-05-13,37,10.0,27.0
864,2022-05-14,29,10.0,19.0
865,2022-05-15,42,10.0,32.0
866,2022-05-16,36,10.0,26.0
867,2022-05-17,41,0.0,41.0
868,2022-05-18,39,13.0,26.0
869,2022-05-19,35,15.0,20.0
870,2022-05-20,90,0.0,90.0
871,2022-05-21,82,0.0,82.0
872,2022-05-22,92,4.0,88.0
873,2022-05-23,88,2.0,86.0
874,2022-05-24,102,16.0,86.0
875,2022-05-25,100,13.0,87.0
876,2022-05-26,102,13.0,89.0
877,2022-05-27,129,13.0,116.0
878,2022-05-28,114,13.0,101.0
879,2022-05-29,100,13.0,87.0
880,2022-05-30,53,13.0,40.0
881,2022-05-31,39,13.0,26.0
882,2022-06-01,75,24.0,51.0
883,2022-06-02,19,0.0,19.0
884,2022-06-03,25,11.0,14.0
885,2022-06-04,100,0.0,100.0
886,2022-06-05,120,0.0,120.0
887,2022-06-06,26,2.0,24.0
888,2022-06-07,29,15.0,14.0
889,2022-06-08,5,1.0,4.0
890,2022-06-09,19,13.0,6.0
891,2022-06-10,16,14.0,2.0
892,2022-06-11,18,6.0,12.0
893,2022-06-12,97,10.0,87.0
894,2022-06-13,25,19.0,6.0
895,2022-06-14,21,19.0,2.0
896,2022-06-15,33,18.0,15.0
897,2022-06-16,25,15.0,10.0
898,2022-06-17,33,18.0,15.0
899,2022-06-18,30,14.0,16.0
900,2022-06-19,11,21.0,-10.0
901,2022-06-20,31,19.0,12.0
902,2022-06-21,22,0.0,22.0
903,2022-06-22,38,0.0,38.0
904,2022-06-23,35,21.0,14.0
905,2022-06-24,42,0.0,42.0
906,2022-06-25,30,22.0,8.0
907,2022-06-26,26,22.0,4.0
908,2022-06-27,10,0.0,10.0
909,2022-06-28,26,21.0,5.0
910,2022-06-29,30,22.0,8.0
911,2022-06-30,42,22.0,20.0
912,2022-07-01,70,14.0,56.0
913,2022-07-02,31,11.0,20.0
914,2022-07-03,25,16.0,9.0
915,2022-07-04,97,0.0,97.0
916,2022-07-05,118,11.0,107.0
917,2022-07-06,33,15.0,18.0
918,2022-07-07,17,7.0,10.0
919,2022-07-08,3,13.0,-10.0
920,2022-07-09,17,14.0,3.0
921,2022-07-10,16,0.0,16.0
922,2022-07-11,53,10.0,43.0
923,2022-07-12,127,10.0,117.0
924,2022-07-13,18,1.0,17.0
925,2022-07-14,10,1.0,9.0
926,2022-07-15,14,0.0,14.0
927,2022-07-16,11,14.0,-3.0
928,2022-07-17,14,1.0,13.0
929,2022-07-18,6,0.0,6.0
930,2022-07-19,12,14.0,-2.0
931,2022-07-20,20,14.0,6.0
932,2022-07-21,15,20.0,-5.0
933,2022-07-22,22,17.0,5.0
934,2022-07-23,16,1.0,15.0
935,2022-07-24,14,1.0,13.0
936,2022-07-25,10,1.0,9.0
937,2022-07-26,7,1.0,6.0
938,2022-07-27,12,17.0,-5.0
939,2022-07-28,13,17.0,-4.0
940,2022-07-29,7,17.0,-10.0
941,2022-07-30,11,1.0,10.0
942,2022-07-31,5,17.0,-12.0
943,2022-08-01,65,0.0,65.0
944,2022-08-02,23,9.0,14.0
945,2022-08-03,41,10.0,31.0
946,2022-08-04,59,12.0,47.0
947,2022-08-05,100,11.0,89.0
948,2022-08-06,19,15.0,4.0
949,2022-08-07,25,15.0,10.0
950,2022-08-08,6,16.0,-10.0
951,2022-08-09,20,14.0,6.0
952,2022-08-10,5,12.0,-7.0
953,2022-08-11,70,10.0,60.0
954,2022-08-12,131,9.0,122.0
955,2022-08-13,14,16.0,-2.0
956,2022-08-14,12,12.0,0.0
957,2022-08-15,16,13.0,3.0
958,2022-08-16,18,12.0,6.0
959,2022-08-17,25,13.0,12.0
960,2022-08-18,32,12.0,20.0
961,2022-08-19,28,12.0,16.0
962,2022-08-20,31,13.0,18.0
963,2022-08-21,17,0.0,17.0
964,2022-08-22,19,13.0,6.0
965,2022-08-23,13,11.0,2.0
966,2022-08-24,16,11.0,5.0
967,2022-08-25,15,9.0,6.0
968,2022-08-26,12,11.0,1.0
969,2022-08-27,14,9.0,5.0
970,2022-08-28,11,10.0,1.0
971,2022-08-29,8,11.0,-3.0
972,2022-08-30,11,11.0,0.0
973,2022-08-31,12,9.0,3.0
974,2022-09-01,64,12.0,52.0
975,2022-09-02,28,15.0,13.0
976,2022-09-03,49,13.0,36.0
977,2022-09-04,42,12.0,30.0
978,2022-09-05,83,13.0,70.0
979,2022-09-06,27,2.0,25.0
980,2022-09-07,23,15.0,8.0
981,2022-09-08,5,16.0,-11.0
982,2022-09-09,23,14.0,9.0
983,2022-09-10,7,0.0,7.0
984,2022-09-11,76,11.0,65.0
985,2022-09-12,68,12.0,56.0
986,2022-09-13,53,22.0,31.0
987,2022-09-14,50,23.0,27.0
988,2022-09-15,62,31.0,31.0
989,2022-09-16,37,12.0,25.0
990,2022-09-17,58,15.0,43.0
991,2022-09-18,45,23.0,22.0
992,2022-09-19,39,20.0,19.0
993,2022-09-20,39,35.0,4.0
994,2022-09-21,44,33.0,11.0
995,2022-09-22,44,22.0,22.0
996,2022-09-23,17,1.0,16.0
997,2022-09-24,20,12.0,8.0
998,2022-09-25,33,10.0,23.0
999,2022-09-26,34,12.0,22.0
1000,2022-09-27,28,12.0,16.0
1001,2022-09-28,34,13.0,21.0
1002,2022-09-29,40,12.0,28.0
1003,2022-09-30,25,9.0,16.0
1004,2022-10-01,51,10.0,41.0
1005,2022-10-02,30,15.0,15.0
1006,2022-10-03,74,13.0,61.0
1007,2022-10-04,103,12.0,91.0
1008,2022-10-05,92,11.0,81.0
1009,2022-10-06,33,17.0,16.0
1010,2022-10-07,8,15.0,-7.0
1011,2022-10-08,7,16.0,-9.0
1012,2022-10-09,27,15.0,12.0
1013,2022-10-10,6,0.0,6.0
1014,2022-10-11,70,10.0,60.0
1015,2022-10-12,58,11.0,47.0
1016,2022-10-13,6,0.0,6.0
1017,2022-10-14,7,9.0,-2.0
1018,2022-10-15,8,8.0,0.0
1019,2022-10-16,6,10.0,-4.0
1020,2022-10-17,6,8.0,-2.0
1021,2022-10-18,8,4.0,4.0
1022,2022-10-19,14,5.0,9.0
1023,2022-10-20,20,4.0,16.0
1024,2022-10-21,20,4.0,16.0
1025,2022-10-22,10,0.0,10.0
1026,2022-10-23,7,0.0,7.0
1027,2022-10-24,10,0.0,10.0
1028,2022-10-25,9,0.0,9.0
1029,2022-10-26,8,0.0,8.0
1030,2022-10-27,12,6.0,6.0
1031,2022-10-28,18,6.0,12.0
1032,2022-10-29,18,6.0,12.0
1033,2022-10-30,29,7.0,22.0
1034,2022-10-31,31,6.0,25.0
1035,2022-11-01,54,11.0,43.0
1036,2022-11-02,37,7.0,30.0
1037,2022-11-03,68,2.0,66.0
1038,2022-11-04,116,13.0,103.0
1039,2022-11-05,59,12.0,47.0
1040,2022-11-06,20,18.0,2.0
1041,2022-11-07,10,15.0,-5.0
1042,2022-11-08,19,7.0,12.0
1043,2022-11-09,40,23.0,17.0
1044,2022-11-10,18,0.0,18.0
1045,2022-11-11,64,0.0,64.0
1046,2022-11-12,85,11.0,74.0
1047,2022-11-13,54,8.0,46.0
1048,2022-11-14,32,8.0,24.0
1049,2022-11-15,42,11.0,31.0
1050,2022-11-16,59,11.0,48.0
1051,2022-11-17,64,11.0,53.0
1052,2022-11-18,79,11.0,68.0
1053,2022-11-19,88,11.0,77.0
1054,2022-11-20,98,11.0,87.0
1055,2022-11-21,100,11.0,89.0
1056,2022-11-22,86,12.0,74.0
1057,2022-11-23,80,11.0,69.0
1058,2022-11-24,47,11.0,36.0
1059,2022-11-25,34,14.0,20.0
1060,2022-11-26,29,14.0,15.0
1061,2022-11-27,45,6.0,39.0
1062,2022-11-28,53,9.0,44.0
1063,2022-11-29,42,7.0,35.0
1064,2022-11-30,51,11.0,40.0
1065,2022-12-01,55,11.0,44.0
1066,2022-12-02,40,6.0,34.0
1067,2022-12-03,61,12.0,49.0
1068,2022-12-04,128,11.0,117.0
1069,2022-12-05,45,7.0,38.0
1070,2022-12-06,7,18.0,-11.0
1071,2022-12-07,15,1.0,14.0
1072,2022-12-08,12,16.0,-4.0
1073,2022-12-09,61,34.0,27.0
1074,2022-12-10,6,12.0,-6.0
1075,2022-12-11,59,0.0,59.0
1076,2022-12-12,86,10.0,76.0
1077,2022-12-13,63,11.0,52.0
1078,2022-12-14,70,10.0,60.0
1079,2022-12-15,73,10.0,63.0
1080,2022-12-16,54,10.0,44.0
1081,2022-12-17,36,10.0,26.0
1082,2022-12-18,20,4.0,16.0
1083,2022-12-19,21,11.0,10.0
1084,2022-12-20,20,10.0,10.0
1085,2022-12-21,20,10.0,10.0
1086,2022-12-22,19,10.0,9.0
1087,2022-12-23,38,10.0,28.0
1088,2022-12-24,42,10.0,32.0
1089,2022-12-25,37,10.0,27.0
1090,2022-12-26,40,11.0,29.0
1091,2022-12-27,41,7.0,34.0
1092,2022-12-28,16,10.0,6.0
1093,2022-12-29,22,11.0,11.0
1094,2022-12-30,20,11.0,9.0
1095,2022-12-31,23,11.0,12.0
1096,2023-01-01,9,11.0,-2.0
1097,2023-01-02,126,4.0,122.0
1098,2023-01-03,46,8.0,38.0
1099,2023-01-04,70,15.0,55.0
1100,2023-01-05,24,0.0,24.0
1101,2023-01-06,11,9.0,2.0
1102,2023-01-07,108,19.0,89.0
1103,2023-01-08,136,16.0,120.0
1104,2023-01-09,8,17.0,-9.0
1105,2023-01-10,60,0.0,60.0
1106,2023-01-11,2,3.0,-1.0
1107,2023-01-12,0,0.0,0.0
1108,2023-01-13,20,0.0,20.0
1109,2023-01-14,23,0.0,23.0
1110,2023-01-15,22,0.0,22.0
1111,2023-01-16,22,1.0,21.0
1112,2023-01-17,22,0.0,22.0
1113,2023-01-18,22,0.0,22.0
1114,2023-01-19,24,13.0,11.0
1115,2023-01-20,21,0.0,21.0
1116,2023-01-21,15,13.0,2.0
1117,2023-01-22,12,0.0,12.0
1118,2023-01-23,12,0.0,12.0
1119,2023-01-24,12,16.0,-4.0
1120,2023-01-25,12,0.0,12.0
1121,2023-01-26,22,0.0,22.0
1122,2023-01-27,30,17.0,13.0
1123,2023-01-28,39,0.0,39.0
1124,2023-01-29,31,18.0,13.0
1125,2023-01-30,51,0.0,51.0
1126,2023-01-31,99,0.0,99.0
1127,2023-02-01,15,10.0,5.0
1128,2023-02-02,63,0.0,63.0
1129,2023-02-03,45,0.0,45.0
1130,2023-02-04,88,17.0,71.0
1131,2023-02-05,28,12.0,16.0
1132,2023-02-06,23,1.0,22.0
1133,2023-02-07,169,1.0,168.0
1134,2023-02-08,123,4.0,119.0
1135,2023-02-09,8,7.0,1.0
1136,2023-02-10,58,1.0,57.0
1137,2023-02-11,3,6.0,-3.0
1138,2023-02-12,0,1.0,-1.0
1139,2023-02-13,19,0.0,19.0
1140,2023-02-14,26,18.0,8.0
1141,2023-02-15,42,1.0,41.0
1142,2023-02-16,35,16.0,19.0
1143,2023-02-17,36,1.0,35.0
1144,2023-02-18,48,0.0,48.0
1145,2023-02-19,87,15.0,72.0
1146,2023-02-20,117,1.0,116.0
1147,2023-02-21,82,17.0,65.0
1148,2023-02-22,116,0.0,116.0
1149,2023-02-23,108,0.0,108.0
1150,2023-02-24,72,12.0,60.0
1151,2023-02-25,52,0.0,52.0
1152,2023-02-26,104,0.0,104.0
1153,2023-02-27,112,11.0,101.0
1154,2023-02-28,69,0.0,69.0
1155,2023-03-01,24,9.0,15.0
1156,2023-03-02,40,10.0,30.0
1157,2023-03-03,44,0.0,44.0
1158,2023-03-04,76,19.0,57.0
1159,2023-03-05,30,2.0,28.0
1160,2023-03-06,15,1.0,14.0
1161,2023-03-07,126,13.0,113.0
1162,2023-03-08,104,4.0,100.0
1163,2023-03-09,22,13.0,9.0
1164,2023-03-10,57,17.0,40.0
1165,2023-03-11,2,7.0,-5.0
1166,2023-03-12,0,9.0,-9.0
1167,2023-03-13,52,0.0,52.0
1168,2023-03-14,48,11.0,37.0
1169,2023-03-15,34,6.0,28.0
1170,2023-03-16,31,5.0,26.0
1171,2023-03-17,27,13.0,14.0
1172,2023-03-18,21,5.0,16.0
1173,2023-03-19,32,12.0,20.0
1174,2023-03-20,45,7.0,38.0
1175,2023-03-21,57,6.0,51.0
1176,2023-03-22,64,18.0,46.0
1177,2023-03-23,49,22.0,27.0
1178,2023-03-24,39,17.0,22.0
1179,2023-03-25,39,15.0,24.0
1180,2023-03-26,35,5.0,30.0
1181,2023-03-27,58,16.0,42.0
1182,2023-03-28,62,20.0,42.0
1183,2023-03-29,62,18.0,44.0
1184,2023-03-30,68,26.0,42.0
1185,2023-03-31,54,6.0,48.0
1186,2023-04-01,19,10.0,9.0
1187,2023-04-02,44,0.0,44.0
1188,2023-04-03,32,9.0,23.0
1189,2023-04-04,86,18.0,68.0
1190,2023-04-05,25,10.0,15.0
1191,2023-04-06,21,13.0,8.0
1192,2023-04-07,134,18.0,116.0
1193,2023-04-08,87,2.0,85.0
1194,2023-04-09,20,16.0,4.0
1195,2023-04-10,94,1.0,93.0
1196,2023-04-11,2,1.0,1.0
1197,2023-04-12,0,0.0,0.0
1198,2023-04-13,74,0.0,74.0
1199,2023-04-14,56,11.0,45.0
1200,2023-04-15,29,0.0,29.0
1201,2023-04-16,48,0.0,48.0
1202,2023-04-17,54,10.0,44.0
1203,2023-04-18,5,0.0,5.0
1204,2023-04-19,46,1.0,45.0
1205,2023-04-20,44,14.0,30.0
1206,2023-04-21,18,1.0,17.0
1207,2023-04-22,23,14.0,9.0
1208,2023-04-23,39,1.0,38.0
1209,2023-04-24,21,0.0,21.0
1210,2023-04-25,13,7.0,6.0
1211,2023-04-26,31,10.0,21.0
1212,2023-04-27,27,9.0,18.0
1213,2023-04-28,28,5.0,23.0
1214,2023-04-29,25,15.0,10.0
1215,2023-04-30,26,1.0,25.0
1216,2023-05-01,16,11.0,5.0
1217,2023-05-02,36,0.0,36.0
1218,2023-05-03,30,0.0,30.0
1219,2023-05-04,85,1.0,84.0
1220,2023-05-05,22,0.0,22.0
1221,2023-05-06,26,1.0,25.0
1222,2023-05-07,140,2.0,138.0
1223,2023-05-08,81,2.0,79.0
1224,2023-05-09,32,30.0,2.0
1225,2023-05-10,21,17.0,4.0
1226,2023-05-11,2,1.0,1.0
1227,2023-05-12,0,9.0,-9.0
1228,2023-05-13,14,0.0,14.0
1229,2023-05-14,22,1.0,21.0
1230,2023-05-15,29,18.0,11.0
1231,2023-05-16,18,5.0,13.0
1232,2023-05-17,21,5.0,16.0
1233,2023-05-18,23,18.0,5.0
1234,2023-05-19,20,2.0,18.0
1235,2023-05-20,20,18.0,2.0
1236,2023-05-21,28,1.0,27.0
1237,2023-05-22,21,21.0,0.0
1238,2023-05-23,34,0.0,34.0
1239,2023-05-24,41,1.0,40.0
1240,2023-05-25,4,21.0,-17.0
1241,2023-05-26,0,1.0,-1.0
1242,2023-05-27,4,19.0,-15.0
1243,2023-05-28,3,1.0,2.0
1244,2023-05-29,2,1.0,1.0
1245,2023-05-30,12,19.0,-7.0
1246,2023-05-31,7,1.0,6.0
1247,2023-06-01,37,11.0,26.0
1248,2023-06-02,49,13.0,36.0
1249,2023-06-03,58,0.0,58.0
1250,2023-06-04,75,3.0,72.0
1251,2023-06-05,11,0.0,11.0
1252,2023-06-06,29,1.0,28.0
1253,2023-06-07,83,1.0,82.0
1254,2023-06-08,93,1.0,92.0
1255,2023-06-09,35,14.0,21.0
1256,2023-06-10,7,0.0,7.0
1257,2023-06-11,2,1.0,1.0
1258,2023-06-12,0,0.0,0.0
1259,2023-06-13,98,0.0,98.0
1260,2023-06-14,132,0.0,132.0
1261,2023-06-15,184,17.0,167.0
1262,2023-06-16,131,1.0,130.0
1263,2023-06-17,108,19.0,89.0
1264,2023-06-18,216,4.0,212.0
1265,2023-06-19,202,3.0,199.0
1266,2023-06-20,176,1.0,175.0
1267,2023-06-21,205,27.0,178.0
1268,2023-06-22,198,2.0,196.0
1269,2023-06-23,86,0.0,86.0
1270,2023-06-24,62,4.0,58.0
1271,2023-06-25,160,23.0,137.0
1272,2023-06-26,149,4.0,145.0
1273,2023-06-27,163,1.0,162.0
1274,2023-06-28,169,20.0,149.0
1275,2023-06-29,154,1.0,153.0
1276,2023-06-30,90,1.0,89.0
1277,2023-07-01,37,11.0,26.0
1278,2023-07-02,41,0.0,41.0
1279,2023-07-03,42,9.0,33.0
1280,2023-07-04,70,11.0,59.0
1281,2023-07-05,6,11.0,-5.0
1282,2023-07-06,41,15.0,26.0
1283,2023-07-07,44,1.0,43.0
1284,2023-07-08,101,1.0,100.0
1285,2023-07-09,33,13.0,20.0
1286,2023-07-10,2,0.0,2.0
1287,2023-07-11,2,0.0,2.0
1288,2023-07-12,0,10.0,-10.0
1289,2023-07-13,62,24.0,38.0
1290,2023-07-14,30,2.0,28.0
1291,2023-07-15,22,2.0,20.0
1292,2023-07-16,61,24.0,37.0
1293,2023-07-17,54,24.0,30.0
1294,2023-07-18,56,1.0,55.0
1295,2023-07-19,47,1.0,46.0
1296,2023-07-20,58,24.0,34.0
1297,2023-07-21,38,1.0,37.0
1298,2023-07-22,28,1.0,27.0
1299,2023-07-23,62,2.0,60.0
1300,2023-07-24,111,20.0,91.0
1301,2023-07-25,99,1.0,98.0
1302,2023-07-26,80,1.0,79.0
1303,2023-07-27,53,1.0,52.0
1304,2023-07-28,71,21.0,50.0
1305,2023-07-29,70,2.0,68.0
1306,2023-07-30,151,21.0,130.0
1307,2023-07-31,147,4.0,143.0
1308,2023-08-01,38,0.0,38.0
1309,2023-08-02,42,13.0,29.0
1310,2023-08-03,36,0.0,36.0
1311,2023-08-04,79,0.0,79.0
1312,2023-08-05,0,1.0,-1.0
1313,2023-08-06,87,1.0,86.0
1314,2023-08-07,31,2.0,29.0
1315,2023-08-08,125,1.0,124.0
1316,2023-08-09,13,8.0,5.0
1317,2023-08-10,6,16.0,-10.0
1318,2023-08-11,3,0.0,3.0
1319,2023-08-12,0,6.0,-6.0
1320,2023-08-13,85,1.0,84.0
1321,2023-08-14,161,1.0,160.0
1322,2023-08-15,211,1.0,210.0
1323,2023-08-16,243,1.0,242.0
1324,2023-08-17,326,24.0,302.0
1325,2023-08-18,273,2.0,271.0
1326,2023-08-19,162,1.0,161.0
1327,2023-08-20,338,1.0,337.0
1328,2023-08-21,282,1.0,281.0
1329,2023-08-22,244,13.0,231.0
1330,2023-08-23,214,0.0,214.0
1331,2023-08-24,147,0.0,147.0
1332,2023-08-25,49,0.0,49.0
1333,2023-08-26,44,24.0,20.0
1334,2023-08-27,60,0.0,60.0
1335,2023-08-28,52,0.0,52.0
1336,2023-08-29,43,0.0,43.0
1337,2023-08-30,34,0.0,34.0
1338,2023-08-31,18,0.0,18.0
1339,2023-09-01,35,0.0,35.0
1340,2023-09-02,34,0.0,34.0
1341,2023-09-03,48,8.0,40.0
1342,2023-09-04,89,10.0,79.0
1343,2023-09-05,2,0.0,2.0
1344,2023-09-06,94,12.0,82.0
1345,2023-09-07,46,1.0,45.0
1346,2023-09-08,105,1.0,104.0
1347,2023-09-09,20,8.0,12.0
1348,2023-09-10,9,0.0,9.0
1349,2023-09-11,2,0.0,2.0
1350,2023-09-12,1,1.0,0.0
1351,2023-09-13,27,25.0,2.0
1352,2023-09-14,31,1.0,30.0
1353,2023-09-15,8,0.0,8.0
1354,2023-09-16,4,0.0,4.0
1355,2023-09-17,14,16.0,-2.0
1356,2023-09-18,13,15.0,-2.0
1357,2023-09-19,14,0.0,14.0
1358,2023-09-20,11,0.0,11.0
1359,2023-09-21,13,0.0,13.0
1360,2023-09-22,0,15.0,-15.0
1361,2023-09-23,1,16.0,-15.0
1362,2023-09-24,4,1.0,3.0
1363,2023-09-25,0,0.0,0.0
1364,2023-09-26,11,9.0,2.0
1365,2023-09-27,17,23.0,-6.0
1366,2023-09-28,17,28.0,-11.0
1367,2023-09-29,4,0.0,4.0
1368,2023-09-30,2,0.0,2.0
1369,2023-10-01,13,0.0,13.0
1370,2023-10-02,21,0.0,21.0
1371,2023-10-03,26,0.0,26.0
1372,2023-10-04,90,0.0,90.0
1373,2023-10-05,14,12.0,2.0
1374,2023-10-06,86,2.0,84.0
1375,2023-10-07,42,1.0,41.0
1376,2023-10-08,110,1.0,109.0
1377,2023-10-09,40,12.0,28.0
1378,2023-10-10,12,2.0,10.0
1379,2023-10-11,2,0.0,2.0
1380,2023-10-12,0,0.0,0.0
1381,2023-10-13,0,1.0,-1.0
1382,2023-10-14,0,0.0,0.0
1383,2023-10-15,0,0.0,0.0
1384,2023-10-16,1,0.0,1.0
1385,2023-10-17,0,0.0,0.0
1386,2023-10-18,0,0.0,0.0
1387,2023-10-19,0,0.0,0.0
1388,2023-10-20,0,0.0,0.0
1389,2023-10-21,0,3.0,-3.0
1390,2023-10-22,0,0.0,0.0
1391,2023-10-23,0,0.0,0.0
1392,2023-10-24,0,7.0,-7.0
1393,2023-10-25,0,12.0,-12.0
1394,2023-10-26,0,10.0,-10.0
1395,2023-10-27,0,11.0,-11.0
1396,2023-10-28,0,1.0,-1.0
1397,2023-10-29,0,7.0,-7.0
1398,2023-10-30,0,5.0,-5.0
1399,2023-10-31,0,4.0,-4.0
1400,2023-11-01,14,0.0,14.0
1401,2023-11-02,21,17.0,4.0
1402,2023-11-03,19,0.0,19.0
1403,2023-11-04,66,0.0,66.0
1404,2023-11-05,21,0.0,21.0
1405,2023-11-06,114,2.0,112.0
1406,2023-11-07,48,0.0,48.0
1407,2023-11-08,86,1.0,85.0
1408,2023-11-09,28,12.0,16.0
1409,2023-11-10,0,0.0,0.0
1410,2023-11-11,2,0.0,2.0
1411,2023-11-12,0,10.0,-10.0
1412,2023-11-13,2,0.0,2.0
1413,2023-11-14,2,0.0,2.0
1414,2023-11-15,2,6.0,-4.0
1415,2023-11-16,2,7.0,-5.0
1416,2023-11-17,2,1.0,1.0
1417,2023-11-18,2,1.0,1.0
1418,2023-11-19,2,0.0,2.0
1419,2023-11-20,2,5.0,-3.0
1420,2023-11-21,2,1.0,1.0
1421,2023-11-22,2,0.0,2.0
1422,2023-11-23,2,3.0,-1.0
1423,2023-11-24,4,0.0,4.0
1424,2023-11-25,2,1.0,1.0
1425,2023-11-26,2,0.0,2.0
1426,2023-11-27,3,0.0,3.0
1427,2023-11-28,2,0.0,2.0
1428,2023-11-29,4,0.0,4.0
1429,2023-11-30,3,0.0,3.0
1430,2023-12-01,21,0.0,21.0
1431,2023-12-02,19,0.0,19.0
1432,2023-12-03,79,9.0,70.0
1433,2023-12-04,74,9.0,65.0
1434,2023-12-05,28,16.0,12.0
1435,2023-12-06,93,18.0,75.0
1436,2023-12-07,68,2.0,66.0
1437,2023-12-08,50,1.0,49.0
1438,2023-12-09,30,11.0,19.0
1439,2023-12-10,0,0.0,0.0
1440,2023-12-11,3,0.0,3.0
1441,2023-12-12,0,9.0,-9.0
1442,2023-12-13,0,9.0,-9.0
1443,2023-12-14,0,1.0,-1.0
1444,2023-12-15,0,9.0,-9.0
1445,2023-12-16,1,0.0,1.0
1446,2023-12-17,0,7.0,-7.0
1447,2023-12-18,0,0.0,0.0
1448,2023-12-19,0,0.0,0.0
1449,2023-12-20,0,0.0,0.0
1450,2023-12-21,0,0.0,0.0
1451,2023-12-22,0,1.0,-1.0
1452,2023-12-23,1,1.0,0.0
1453,2023-12-24,0,0.0,0.0
1454,2023-12-25,0,11.0,-11.0
1455,2023-12-26,0,3.0,-3.0
1456,2023-12-27,0,1.0,-1.0
1457,2023-12-28,0,0.0,0.0
1458,2023-12-29,0,1.0,-1.0
1459,2023-12-30,0,0.0,0.0
1460,2023-12-31,1,1.0,0.0
1461,2024-01-01,0,15.0,-15.0
1462,2024-01-02,10,24.0,-14.0
1463,2024-01-03,16,20.0,-4.0
1464,2024-01-04,49,0.0,49.0
1465,2024-01-05,14,20.0,-6.0
1466,2024-01-06,34,0.0,34.0
1467,2024-01-07,176,32.0,144.0
1468,2024-01-08,640,24.0,616.0
1469,2024-01-09,71,22.0,49.0
1470,2024-01-10,20,16.0,4.0
1471,2024-01-11,1,5.0,-4.0
1472,2024-01-12,112,7.0,105.0
1473,2024-01-13,1,0.0,1.0
1474,2024-01-14,1,0.0,1.0
1475,2024-01-15,0,13.0,-13.0
1476,2024-01-16,0,2.0,-2.0
1477,2024-01-17,0,1.0,-1.0
1478,2024-01-18,1,0.0,1.0
1479,2024-01-19,0,0.0,0.0
1480,2024-01-20,0,0.0,0.0
1481,2024-01-21,0,11.0,-11.0
1482,2024-01-22,1,0.0,1.0
1483,2024-01-23,3,0.0,3.0
1484,2024-01-24,6,0.0,6.0
1485,2024-01-25,0,0.0,0.0
1486,2024-01-26,2,0.0,2.0
1487,2024-01-27,6,0.0,6.0
1488,2024-01-28,3,0.0,3.0
1489,2024-01-29,4,0.0,4.0
1490,2024-01-30,5,17.0,-12.0
1491,2024-01-31,6,0.0,6.0
1492,2024-02-01,1,13.0,-12.0
1493,2024-02-02,6,0.0,6.0
1494,2024-02-03,10,0.0,10.0
1495,2024-02-04,6,12.0,-6.0
1496,2024-02-05,6,4.0,2.0
1497,2024-02-06,62,20.0,42.0
1498,2024-02-07,188,0.0,188.0
1499,2024-02-08,0,0.0,0.0
1500,2024-02-09,59,19.0,40.0
1501,2024-02-10,19,14.0,5.0
1502,2024-02-11,9,0.0,9.0
1503,2024-02-12,97,8.0,89.0
1504,2024-02-13,8,2.0,6.0
1505,2024-02-14,8,34.0,-26.0
1506,2024-02-15,2,2.0,0.0
1507,2024-02-16,2,26.0,-24.0
1508,2024-02-17,10,2.0,8.0
1509,2024-02-18,8,26.0,-18.0
1510,2024-02-19,10,0.0,10.0
1511,2024-02-20,6,28.0,-22.0
1512,2024-02-21,10,6.0,4.0
1513,2024-02-22,6,28.0,-22.0
1514,2024-02-23,6,0.0,6.0
1515,2024-02-24,12,32.0,-20.0
1516,2024-02-25,10,0.0,10.0
1517,2024-02-26,14,24.0,-10.0
1518,2024-02-27,6,2.0,4.0
1519,2024-02-28,18,26.0,-8.0
1520,2024-02-29,2,0.0,2.0
1521,2024-03-01,0,1.0,-1.0
1522,2024-03-02,8,28.0,-20.0
1523,2024-03-03,44,22.0,22.0
1524,2024-03-04,9,0.0,9.0
1525,2024-03-05,16,26.0,-10.0
1526,2024-03-06,36,0.0,36.0
1527,2024-03-07,182,38.0,144.0
1528,2024-03-08,0,0.0,0.0
1529,2024-03-09,57,33.0,24.0
1530,2024-03-10,4,0.0,4.0
1531,2024-03-11,5,8.0,-3.0
1532,2024-03-12,95,7.0,88.0
1533,2024-03-13,296,16.0,280.0
1534,2024-03-14,310,54.0,256.0
1535,2024-03-15,220,16.0,204.0
1536,2024-03-16,222,32.0,190.0
1537,2024-03-17,306,32.0,274.0
1538,2024-03-18,330,20.0,310.0
1539,2024-03-19,328,0.0,328.0
1540,2024-03-20,332,26.0,306.0
1541,2024-03-21,164,2.0,162.0
1542,2024-03-22,56,24.0,32.0
1543,2024-03-23,28,0.0,28.0
1544,2024-03-24,174,22.0,152.0
1545,2024-03-25,132,0.0,132.0
1546,2024-03-26,126,22.0,104.0
1547,2024-03-27,110,22.0,88.0
1548,2024-03-28,124,10.0,114.0
1549,2024-03-29,80,20.0,60.0
1550,2024-03-30,108,0.0,108.0
1551,2024-03-31,112,16.0,96.0
1552,2024-04-01,0,0.0,0.0
1553,2024-04-02,14,0.0,14.0
1554,2024-04-03,46,0.0,46.0
1555,2024-04-04,22,11.0,11.0
1556,2024-04-05,6,24.0,-18.0
1557,2024-04-06,58,24.0,34.0
1558,2024-04-07,166,2.0,164.0
1559,2024-04-08,0,0.0,0.0
1560,2024-04-09,34,25.0,9.0
1561,2024-04-10,2,12.0,-10.0
1562,2024-04-11,3,0.0,3.0
1563,2024-04-12,96,6.0,90.0
1564,2024-04-13,27,13.0,14.0
1565,2024-04-14,82,36.0,46.0
1566,2024-04-15,85,37.0,48.0
1567,2024-04-16,68,20.0,48.0
1568,2024-04-17,96,29.0,67.0
1569,2024-04-18,73,6.0,67.0
1570,2024-04-19,67,18.0,49.0
1571,2024-04-20,56,2.0,54.0
1572,2024-04-21,69,16.0,53.0
1573,2024-04-22,51,0.0,51.0
1574,2024-04-23,56,15.0,41.0
1575,2024-04-24,21,0.0,21.0
1576,2024-04-25,26,15.0,11.0
1577,2024-04-26,33,0.0,33.0
1578,2024-04-27,40,14.0,26.0
1579,2024-04-28,6,0.0,6.0
1580,2024-04-29,15,15.0,0.0
1581,2024-04-30,8,0.0,8.0
1582,2024-05-01,0,1.0,-1.0
1583,2024-05-02,138,28.0,110.0
1584,2024-05-03,64,14.0,50.0
1585,2024-05-04,26,0.0,26.0
1586,2024-05-05,16,0.0,16.0
1587,2024-05-06,48,4.0,44.0
1588,2024-05-07,244,38.0,206.0
1589,2024-05-08,0,0.0,0.0
1590,2024-05-09,41,24.0,17.0
1591,2024-05-10,2,0.0,2.0
1592,2024-05-11,32,11.0,21.0
1593,2024-05-12,99,8.0,91.0
1594,2024-05-13,4,0.0,4.0
1595,2024-05-14,20,28.0,-8.0
1596,2024-05-15,6,0.0,6.0
1597,2024-05-16,18,24.0,-6.0
1598,2024-05-17,4,0.0,4.0
1599,2024-05-18,22,22.0,0.0
1600,2024-05-19,6,0.0,6.0
1601,2024-05-20,22,28.0,-6.0
1602,2024-05-21,10,0.0,10.0
1603,2024-05-22,28,28.0,0.0
1604,2024-05-23,8,24.0,-16.0
1605,2024-05-24,24,0.0,24.0
1606,2024-05-25,28,28.0,0.0
1607,2024-05-26,10,0.0,10.0
1608,2024-05-27,16,28.0,-12.0
1609,2024-05-28,8,0.0,8.0
1610,2024-05-29,24,22.0,2.0
1611,2024-05-30,10,0.0,10.0
1612,2024-05-31,36,26.0,10.0
1613,2024-06-01,0,12.0,-12.0
1614,2024-06-02,156,0.0,156.0
1615,2024-06-03,44,0.0,44.0
1616,2024-06-04,26,11.0,15.0
1617,2024-06-05,6,24.0,-18.0
1618,2024-06-06,62,22.0,40.0
1619,2024-06-07,164,0.0,164.0
1620,2024-06-08,0,0.0,0.0
1621,2024-06-09,34,10.0,24.0
1622,2024-06-10,2,7.0,-5.0
1623,2024-06-11,20,0.0,20.0
1624,2024-06-12,43,6.0,37.0
1625,2024-06-13,66,0.0,66.0
1626,2024-06-14,148,24.0,124.0
1627,2024-06-15,150,26.0,124.0
1628,2024-06-16,236,0.0,236.0
1629,2024-06-17,318,24.0,294.0
1630,2024-06-18,402,4.0,398.0
1631,2024-06-19,370,34.0,336.0
1632,2024-06-20,214,12.0,202.0
1633,2024-06-21,214,0.0,214.0
1634,2024-06-22,214,2.0,212.0
1635,2024-06-23,230,32.0,198.0
1636,2024-06-24,252,0.0,252.0
1637,2024-06-25,282,34.0,248.0
1638,2024-06-26,246,4.0,242.0
1639,2024-06-27,206,34.0,172.0
1640,2024-06-28,164,2.0,162.0
1641,2024-06-29,180,34.0,146.0
1642,2024-06-30,148,2.0,146.0
1643,2024-07-01,0,12.0,-12.0
1644,2024-07-02,160,36.0,124.0
1645,2024-07-03,80,20.0,60.0
1646,2024-07-04,37,0.0,37.0
1647,2024-07-05,18,0.0,18.0
1648,2024-07-06,40,2.0,38.0
1649,2024-07-07,284,36.0,248.0
1650,2024-07-08,0,0.0,0.0
1651,2024-07-09,42,13.0,29.0
1652,2024-07-10,0,2.0,-2.0
1653,2024-07-11,24,13.0,11.0
1654,2024-07-12,20,6.0,14.0
1655,2024-07-13,148,36.0,112.0
1656,2024-07-14,180,2.0,178.0
1657,2024-07-15,182,36.0,146.0
1658,2024-07-16,144,14.0,130.0
1659,2024-07-17,172,86.0,86.0
1660,2024-07-18,156,46.0,110.0
1661,2024-07-19,112,42.0,70.0
1662,2024-07-20,60,24.0,36.0
1663,2024-07-21,108,80.0,28.0
1664,2024-07-22,120,24.0,96.0
1665,2024-07-23,144,62.0,82.0
1666,2024-07-24,164,4.0,160.0
1667,2024-07-25,254,42.0,212.0
1668,2024-07-26,262,8.0,254.0
1669,2024-07-27,154,22.0,132.0
1670,2024-07-28,158,28.0,130.0
1671,2024-07-29,202,28.0,174.0
1672,2024-07-30,268,22.0,246.0
1673,2024-07-31,582,26.0,556.0
1674,2024-08-01,0,0.0,0.0
1675,2024-08-02,156,2.0,154.0
1676,2024-08-03,36,22.0,14.0
1677,2024-08-04,49,23.0,26.0
1678,2024-08-05,28,28.0,0.0
1679,2024-08-06,70,24.0,46.0
1680,2024-08-07,296,2.0,294.0
1681,2024-08-08,0,0.0,0.0
1682,2024-08-09,18,19.0,-1.0
1683,2024-08-10,10,1.0,9.0
1684,2024-08-11,19,1.0,18.0
1685,2024-08-12,40,7.0,33.0
1686,2024-08-13,0,0.0,0.0
1687,2024-08-14,0,0.0,0.0
1688,2024-08-15,0,0.0,0.0
1689,2024-08-16,0,0.0,0.0
1690,2024-08-17,0,0.0,0.0
1691,2024-08-18,0,0.0,0.0
1692,2024-08-19,0,0.0,0.0
1693,2024-08-20,0,0.0,0.0
1694,2024-08-21,0,0.0,0.0
1695,2024-08-22,0,0.0,0.0
1696,2024-08-23,0,0.0,0.0
1697,2024-08-24,0,0.0,0.0
1698,2024-08-25,0,0.0,0.0
1699,2024-08-26,0,0.0,0.0
1700,2024-08-27,0,0.0,0.0
1701,2024-08-28,0,0.0,0.0
1702,2024-08-29,0,0.0,0.0
1703,2024-08-30,0,0.0,0.0
1704,2024-08-31,0,0.0,0.0
1705,2024-09-01,0,1.0,-1.0
1706,2024-09-02,142,28.0,114.0
1707,2024-09-03,30,2.0,28.0
1708,2024-09-04,50,14.0,36.0
1709,2024-09-05,8,0.0,8.0
1710,2024-09-06,42,0.0,42.0
1711,2024-09-07,304,44.0,260.0
1712,2024-09-08,0,0.0,0.0
1713,2024-09-09,16,9.0,7.0
1714,2024-09-10,0,2.0,-2.0
1715,2024-09-11,24,12.0,12.0
1716,2024-09-12,19,9.0,10.0
1717,2024-09-13,40,33.0,7.0
1718,2024-09-14,28,9.0,19.0
1719,2024-09-15,26,36.0,-10.0
1720,2024-09-16,13,40.0,-27.0
1721,2024-09-17,20,44.0,-24.0
1722,2024-09-18,9,26.0,-17.0
1723,2024-09-19,16,38.0,-22.0
1724,2024-09-20,22,38.0,-16.0
1725,2024-09-21,14,9.0,5.0
1726,2024-09-22,8,53.0,-45.0
1727,2024-09-23,15,26.0,-11.0
1728,2024-09-24,14,32.0,-18.0
1729,2024-09-25,11,28.0,-17.0
1730,2024-09-26,9,38.0,-29.0
1731,2024-09-27,16,23.0,-7.0
1732,2024-09-28,28,8.0,20.0
1733,2024-09-29,27,27.0,0.0
1734,2024-09-30,21,15.0,6.0
1735,2024-10-01,0,12.0,-12.0
1736,2024-10-02,154,2.0,152.0
1737,2024-10-03,86,20.0,66.0
1738,2024-10-04,73,31.0,42.0
1739,2024-10-05,16,30.0,-14.0
1740,2024-10-06,50,24.0,26.0
1741,2024-10-07,294,4.0,290.0
1742,2024-10-08,0,0.0,0.0
1743,2024-10-09,34,29.0,5.0
1744,2024-10-10,8,7.0,1.0
1745,2024-10-11,20,0.0,20.0
1746,2024-10-12,21,13.0,8.0
1747,2024-10-13,4,6.0,-2.0
1748,2024-10-14,0,0.0,0.0
1749,2024-10-15,6,12.0,-6.0
1750,2024-10-16,2,9.0,-7.0
1751,2024-10-17,8,0.0,8.0
1752,2024-10-18,10,9.0,1.0
1753,2024-10-19,0,2.0,-2.0
1754,2024-10-20,8,10.0,-2.0
1755,2024-10-21,0,2.0,-2.0
1756,2024-10-22,8,9.0,-1.0
1757,2024-10-23,1,9.0,-8.0
1758,2024-10-24,9,0.0,9.0
1759,2024-10-25,7,9.0,-2.0
1760,2024-10-26,0,1.0,-1.0
1761,2024-10-27,7,5.0,2.0
1762,2024-10-28,0,1.0,-1.0
1763,2024-10-29,8,7.0,1.0
1764,2024-10-30,0,1.0,-1.0
1765,2024-10-31,8,6.0,2.0
1766,2024-11-01,0,0.0,0.0
1767,2024-11-02,132,28.0,104.0
1768,2024-11-03,216,0.0,216.0
1769,2024-11-04,85,22.0,63.0
1770,2024-11-05,6,0.0,6.0
1771,2024-11-06,48,0.0,48.0
1772,2024-11-07,262,40.0,222.0
1773,2024-11-08,0,0.0,0.0
1774,2024-11-09,16,23.0,-7.0
1775,2024-11-10,0,9.0,-9.0
1776,2024-11-11,26,10.0,16.0
1777,2024-11-12,9,18.0,-9.0
1778,2024-11-13,24,0.0,24.0
1779,2024-11-14,29,9.0,20.0
1780,2024-11-15,24,0.0,24.0
1781,2024-11-16,46,10.0,36.0
1782,2024-11-17,85,0.0,85.0
1783,2024-11-18,73,12.0,61.0
1784,2024-11-19,65,11.0,54.0
1785,2024-11-20,65,0.0,65.0
1786,2024-11-21,74,9.0,65.0
1787,2024-11-22,52,6.0,46.0
1788,2024-11-23,65,6.0,59.0
1789,2024-11-24,158,6.0,152.0
1790,2024-11-25,152,9.0,143.0
1791,2024-11-26,131,9.0,122.0
1792,2024-11-27,133,11.0,122.0
1793,2024-11-28,131,11.0,120.0
1794,2024-11-29,90,9.0,81.0
1795,2024-11-30,95,9.0,86.0
1796,2024-12-01,0,12.0,-12.0
1797,2024-12-02,14,0.0,14.0
1798,2024-12-03,284,20.0,264.0
1799,2024-12-04,43,28.0,15.0
1800,2024-12-05,4,28.0,-24.0
1801,2024-12-06,70,26.0,44.0
1802,2024-12-07,162,0.0,162.0
1803,2024-12-08,0,0.0,0.0
1804,2024-12-09,36,47.0,-11.0
1805,2024-12-10,0,1.0,-1.0
1806,2024-12-11,26,5.0,21.0
1807,2024-12-12,12,22.0,-10.0
1808,2024-12-13,8,17.0,-9.0
1809,2024-12-14,15,14.0,1.0
1810,2024-12-15,11,21.0,-10.0
1811,2024-12-16,14,14.0,0.0
1812,2024-12-17,14,13.0,1.0
1813,2024-12-18,22,15.0,7.0
1814,2024-12-19,37,12.0,25.0
1815,2024-12-20,36,11.0,25.0
1816,2024-12-21,32,9.0,23.0
1817,2024-12-22,30,9.0,21.0
1818,2024-12-23,26,10.0,16.0
1819,2024-12-24,26,11.0,15.0
1820,2024-12-25,121,19.0,102.0
1821,2024-12-26,180,13.0,167.0
1822,2024-12-27,123,12.0,111.0
1823,2024-12-28,121,11.0,110.0
1824,2024-12-29,159,0.0,159.0
1825,2024-12-30,167,11.0,156.0
1826,2024-12-31,188,11.0,177.0
